code,product_name,ingredients_text,allergens,allergens_en,additives_en,confirmed_allergens,potential_allergens,evidence_level,evidence_text,is_food,review_status
00000013,Powdered peanut butter,"Water, Leptospermum Scoparium Mel (Manuka Honey), Sodium C14-C16 Olefin Sulfonate, Cocamide DIPA ,  Cocamidopropyl Betaine (Coconut Oil), Cocamidopropyl Betaine (Coconut Oil), Glycereth-2 Cocoate, Melaleuca Alternifolia (Tea Tree) Leaf Oil, Malus Domestica Fruit Cell Culture Extract, Phenoxyethanol (and) Ethylhexylglycerin",,,,,,,,,PENDING
00000020,Nesquik moins de sucre,"Nuts (Peanuts, Almonds), Prebiotic Blend (Tapioca Fiber, Vegetable Fiber), Protein Blend (Pea Protein Crisps [Pea Protein, Tapioca Starch], Pea Protein), Natural Flavors, Peanut Flour, Coconut Oil, Unsweetened Chocolate, Cocoa, Cocoa Butter, Sea Salt, Lion's Mane, Stevia Plant Extract, Vitamin E","en:eggs,en:gluten,en:milk,en:soybeans",,,,,,,,PENDING
00000137,Peanut Brittle,"Sugar, glucose syrup, peanuts (30%)",,,,,,,,,PENDING
00000231,Bramwells American Style Peanut Butter,"Fructose, Soy Protein Isolate, Calcium Caseinate, Cocoa Powder, Casein, Oat Fiber, Cellulose Powder, Vegetable Stabilizer Guar Gum, Vitamins Premix, Minerals Premix, Canola Oil, Salt, Anticaking Agent Silicon Dioxide, Vegetable Emulsifier Lecithin Liquid, Anticaking Agent Dicalcium Phosphate, Thickener Carrageenan, dl-Methionine, Vegetable Emulsifier Lecithin Liquid, Anticaking Agent Silicon Dioxide, Vegetable Thickener Citrus Pectin, Psyllium Husk Powder, Hibiscus Sabdariffa Powder, Papaya Fruit Powder, Digestive Aids Papain and Bromelain",,,"E341 - Calcium phosphates,E341ii - Dicalcium phosphate,E407 - Carrageenan,E412 - Guar gum,E440 - Pectins,E551 - Silicon dioxide",,,,,,PENDING
00000259,Barrette cioccolato e arachidi 1 barretta 35g.,"Concentré de protéines de lait (protéines de lactosérum, caséinate de calcium (contient du lait)), sirop de glucose, sirop de fructose, enrobage au chocolat au lait (17 %) (sucre, poudre de lait, beurre de cacao, pâte de cacao, émulsifiant (lécithine de soja), arôme), pâte d'arachide (10 %), gélatine, riz soufflé, poudre de cacao (0,7 %), colorant (caramel), arômes, DL-alpha-tocophérol, nicotinamide, D-pantothénate de calcium, chlorhydrate de thiamine, chlorhydrate de pyridoxine, riboflavine, cyanocobalamine. Conseil : pour les allergènes, voir les ingrédients en gras. PEUT CONTENIR DES TRACES D'AUTRES FRUITS À COQUES ET DE GLUTEN.","en:milk,en:soybeans",,"E150 - Caramel,E322 - Lecithins,E322i - Lecithin,E428 - Gelatine",,,,,,PENDING
00000321,Noix du Brésil,Brazil Nuts,"en:gluten,en:nuts,en:peanuts,en:sesame-seeds",,,,,,,,PENDING
00000452,,"Weizenmehl, Zucker, pflanzliche Fette (Palm, Kokos), Kakaomasse, Kakaobutter, Butterreinfett, Vollmilchpulver, Süßmolkenpulver, Magermilchpulver, Weizenstärke, fettarmes Kakaopulver, Hühnereieiweiß, Invertzuckersirup, Dextrose, Mandeln, Emulgatoren: Lecithine (enthält Soja), Mono - und Diglyceride von Speisefettsäuren; Kokosraspeln, Glukosesirup, Laktose, Salz, Backtriebmittel: Natriumcarbonate, Diphosphate, Ammoniumcarbonate; natürliches Aroma (enthält Gluten, Milch), Volleipulver, Rapsöl, Milcheiweiß, Hühnereieiweißpulver, Hühnereieigelbpulver, Karamellzuckersirup, Gewürze, Gerstenmalzextrakt, Farbstoff: Beta-Carotin. Kann andere Schalenfrüchte, Erdnüsse, Lupine und Sesam enthalten. GB Biscuit assortment with 17% chocolate, 10% milk chocolate and 6% white chocolate Ingredients: Wheat flour, sugar, vegetable fats (palm, coconut), cocoa mass, cocoa butter, pure butterfat (milk), whole milk powder, sweet whey powder (milk), skimmed milk powder, wheat starch, low fat cocoa powder, egg white, invert sugar syrup, dextrose, almonds, emulsifiers: lecithins (contain soya), mono - and diglycerides of fatty acids; rasped coconut, glucose syrup, lactose (milk), salt, raising agents: sodium carbonates, diphosphates, ammonium carbonates; natural flavour (contains gluten, milk). whole egg powder, rapeseed oil, milk protein, dried egg white, egg yolk powder, caramel sugar syrup, spices, malt extract (barley), colour: beta carotene. May contain other nuts, peanuts, lupin and sesame. FR Assortiment de biscuits avec 17% de chocolat, 10% de chocolat au lait et 6% de chocolat blanc Ingrédients: Farine de froment, sucre, graisses végétales (palme, coco), masse de cacao, beurre de cacao, graisse butyrique, lait entier en poudre, lactosérum doux en poudre, lait écrémé en poudre, amidon de blé, cacao maigre en poudre, blanc d'œufs, sirop de sucre inverti, dextrose, amandes, émulsifiants: lecithines (contient soja), mono-et diglycérides d'acides gras; noix de coco râpées, sirop de glucose, lactose, sel, poudres à lever: carbonates de sodium, diphosphates, carbonates d'ammonium; arôme naturel (contient du gluten, du lait), ceuf entier en poudre, huile de colza, protéine de lait, blancs d'œufs séché, jaune d'œuf en poudre, sirop de sucre caramélisé, épices, extrait de malt d'orge, colorant: béta-carotene. Peut contenir d'autres fruits à coque, de l'arachide, du lupin et du sésame. Sonnenkel Zartes Gebäck, verw Vollmilchschok PT Sortido de biscoito com Ingredientes: farinha de trigo leite gordo em pó, soro de la açúcar invertido, dextrose, amên glicose, lactose, sal, levedantes inteiro em pó, óleo de colza, p extracto de malte (cevada) Pode conter outros frutos d DK Blandede biscuits med Ingredienser: hvedemel, sukker vallepulver, skummetmælks emulgatorer: lecithiner (indehold natriumcarbonater, diphosphate æggehvidepulver, æggeblo Kan indeholde andre skalfre Nährwertde Déclaration nutr Información nut Declaração Energie/energy/énergie/e",en:milk,,"E160a - Carotene,E160ai - Beta-carotene,E322 - Lecithins,E450 - Diphosphates,E471 - Mono- and diglycerides of fatty acids,E500 - Sodium carbonates,E503 - Ammonium carbonates",,,,,,PENDING
00000833,saint Michel galettes,Processor  Memory (RAM)  Storage  Display  Battery  Keyboard and Touchpad  Wireless Connectivity  Ports  Camera and Microphone  Speakers  Build Materials  Operating System,"en:peanuts,en:Strontium-90,en:Uranuim-235",,,,,,,,PENDING
0000128884525,Coop peanut butter,"ingredients roasted peanuts (96%), vegetable oil (palm, peanut, sugar, salt, allergy advice for allergens, seeingredens in bold, not suitable for other nut allergy sufferers,",,,,,,,,,PENDING
0000159457878,"Celebrations, candy","Sugar, glucose syrup, cocoa butter, skimmed milk powder, cocoa mass, milk fat, peanuts lactose, palm fat, desiccated coconut wheat flour, whey powder (from milk), sunflower oil, full cream milk powder skimmed condensed milk, emulsifiers (soya lecithin, e471), barley malt extract, fat reduced cocoa, salt, humectant (glycerol), egg white powder, natural vanilla extract, raising agents (e341, e500, e501), coconut oil hydrolysed milk protein, (may contain hazelnut), milk chocolate contains milk solids 14% minimum and cocoa solids 25% minimum",,,"E322 - Lecithins,E322i - Lecithin,E341 - Calcium phosphates,E422 - Glycerol,E471 - Mono- and diglycerides of fatty acids,E500 - Sodium carbonates,E501 - Potassium carbonates",,,,,,PENDING
0000200000002,Beurre de Cacahuètes Bio,"Cacahuètes grillées* (99,7%), sel de mer (0,3%). (*issu de l'agriculture biologique)",en:peanuts,,,,,,,,PENDING
0000200000015,Purée d'Amandes Blanches Grillées Bio,"Amandes blanches grillées* (100%) (*issu de l'agricul - ture biologique). Peut contenir des traces de fruits à coque, d'arachides et de graines de sésame. Ingredients: roasted white almonds* (100%) (*from organic farming). May contain traces of tree nuts, peanuts and sesame seeds. À consommer avant le : voir couvercle /To be consumed before: see the lid 10",en:peanuts,,,,,,,,PENDING
0000210320102,Dutch chocolate,"PROTEIN BLEND (SOY PROTEIN ISOLATE, WHEY PROTE ISOLATE, PEA PROTEIN), CRYSTALLINE FRUCTOSE, HIGH OLEIC SUNFLOWER OL MALTODEXTRIN, DUTCHED COCOA, SOY FIBER, CANE FIBER, NATURAL FLAVORS (CHOCOLATE), THICKENER (GUM ARABIC), OLIGOFRUCTOSE POWDER POTASSIUM PHOSPHATE, PRUNE POWDER, CALCIUM CARBONATE SODIUM CASEINATE, THICKENER (CELLULOSE GUM), SALT, THOBER (XANTHAN GUM), INULIN, EMULSIFIER (SOY LECITHIN), ANTICAKING AGENT (SILICON DIOXIDE), ANTIOXIDANT (NATURAL TOCOPHEROLS), MAGNESIUM OXIDE, ZINC GLUCONATE,ASCORBIC ACID (VITAMIN C), FERROUS FUMERATE (RON). POTASSIUM IODIDE, D-ALPHA-TOCOPHERYL ACETATE (MITAMINE NACINAMIDE, VITAMIN A PALMITATE, CHOLECALCIFEROL (VITAMIN D FOLIC ACID, RIBOFLAVIN (VITAMIN B2), PYRIDOXINE HYDROCHLORIDE (MITAMIN B6), THIAMIN HYDROCHLORIDE (VITAMIN B1), CYANOCOBALAMIN (MITAMIN B12). CONTAINS: SOYBEAN AND MILK. PRODUCED ON EQUIPMENT THAT ALSO PROCESSES PEANUTS, TREE NUTS, EGGS, WHEAT SESAME AND SHELLFISH FOR OUR CUSTOMERS SENSITIVE TO GLUTEN: NO GLUTEN-CONTAIN NUTRIMEAL IS PRODUCED IN A FACILITY THAT MANUFACTURES OTHER INGREDIENTS ARE USED IN THIS PRODUCT. HOWEVER DUTCH CHOCOLATE FOODS THAT DO CONTAIN GLUTEN. NUTR Du D",,,"E306 - Tocopherol-rich extract,E322 - Lecithins,E322i - Lecithin,E340 - Potassium phosphates,E414 - Acacia gum,E415 - Xanthan gum,E466 - Sodium carboxy methyl cellulose,E551 - Silicon dioxide",,,,,,PENDING
00002171,Organic Vegan Protein Shake Mix,"Organic Plant Protein Blend (Organic Pea, Organic Pumpkin, Organic Coconut & Organic Sunflower), Organic Fruit Blend (Organic Date, Organic Banan: & Organic Baobab), Organic Agave Fiber, Organic Pea Starch, Flax Seed Fiber, 120 Organic Cocoa (Alkalised), Natural Flavors % Daily Value* 3% Probiotics & Digestive Enzyme Blend (Bacillus Coagulans, Amylase, Protease, Cellulase, Lactase & Lipase), Organic Monkfruit Extract, Milled Flax Seeds Organic Cinnamon Ceylon, Organic Turmeric. 0% Trans Fat 0g Cholesterol Omg 0% Contains: Coconut. Made in a facility Sodium 240mg 10% that uses peanuts, tree nuts & sesame Total Carbohydrate 11g 4% - may contain traces. Dietary Fiber 5g 18% Made in Ireland by Wyldsson Ltd., Total Sugars 3g Snowdrop, Dublin 22, Ireland. Includes Og Added Sugars 0% Certified Organic by Irish Organic Protein 20g 27% Association (IOA). Calcium 16mg 2% Iron 6mg 30% Potassium 135mg 4% Magnesium 50mg 10% No salt added but this is not a sodium free food. Suggested daily serving size: 35g. We believe in a varied, balanced diet. Zinc 3mg 20% Not a significant source of Vitamin D The % Daily Value (DV) tells you how much a nutrient in a serving of food contributes to a daily diet. 2000 calories a day is used for general nutrition advice. X002C1C71V EarthChimp Organic Veg...ee, Gum Free (Vanilla) New SPREAD 10",,,"E1100 - Alpha-Amylase,E1101 - Protease,E1104 - Lipase,E406 - Agar",,,,,,PENDING
0000231312345,yogurt,"milk, strawberry, gluten,  eggs, peanuts",,,,,,,,,PENDING
0000252828288,Chick-fil-A nuggets,"chicken (boneless, skinless chicken breast meat nuggets, salt, monosodium glutamate, sugar, spices, paprika, enriched bleached flour [with malted barley flour, niacin, iron, thiamine mononitrate, riboflavin, folic acid], sugar, salt, monosodium glutamate, nonfat milk, leavening [baking soda, sodium aluminum phosphate, monocalcium phosphate], spice, soybean oil, color [paprika], pasteurized nonfat milk, pasteurized egg, fully refined peanut oil [with dimethylpolysiloxane {an anti-foam agent}  added])",,,"E341 - Calcium phosphates,E341i - Monocalcium phosphate,E500 - Sodium carbonates,E500ii - Sodium hydrogen carbonate,E541 - Sodium aluminium phosphate,E621 - Monosodium glutamate,E900 - Dimethylpolysiloxane and Methylphenylpolysiloxane,E900a - Dimethyl polysiloxane",,,,,,PENDING
0000281756504,"Piasten, Chocolate Assortment","Sugar, wheat starch, glucose syrup, whole soya flour, milk sugar, vegetable fat, cocoa butter, cocoa mass, whole milk powder, caramel sugar syrup, dextrose, peanuts, hazelnuts, glucose fructose syrup, vegetable oil, emulsifier: lecithins, humectant: invertase, rice flour, flavouring, orange peel, acidity regulator: citric acid, egg powder, cocoa solids: milk chocolate: cocoa solids 25% min., milk solids 14% min.; chocolate: cocoa solids 35% min.",,,"E1103 - Invertase,E322 - Lecithins,E330 - Citric acid",,,,,,PENDING
0000380102109,Chocolate Indulgence IsaLean Whole Blend Whey-Based Bar,"Milk protein isolate, Whey protein cocoa crisps (whey protein isolate, whey protein concentrate, tapioca starch, Dutch cocoa powder, calcium carbonate, sunflower lecithin), Fructooligosaccharides, Glycerin, Polydextrose (3.5 g per serving of 61 g), Sugars (tapioca syrup, sugar), Maltodextrin (tapioca fibre), Modified palm kernel oil, Natural flavours, Almond butter, Whey protein isolate, Water, Sunflower oil, Chocolate liquor, Cocoa butter, Cocoa powder, Sunflower lecithin, Vegetable extract blend (broccoli, spinach, kale, squash, sweet potato, sunflower seed, cranberry, chlorella, maitake mushroom), Salt, Cream, Acacia gum, Carrageenan, Stevia leaf extract, Tocopherols, Peanuts","en:milk,en:nuts,en:peanuts",,"E1200 - Polydextrose,E322 - Lecithins,E322i - Lecithin,E407 - Carrageenan,E414 - Acacia gum,E422 - Glycerol,E960 - Steviol glycosides",,,,,,PENDING
00004221,100% Grass-fed Whey Protein Isolate,"Grass-Fed Whey Protein Isolate, Peanut Flour, Cocoa Powder, Natural Chocolate Flavor, Salt, Stevia Extract, Sunflower Lecithin",,,"E322 - Lecithins,E322i - Lecithin",,,,,,PENDING
0000433821500,The Best Peanut Butter Cookies,"ONLY THE BEST: UN-BLEACHED FLOUR, 100% ORGANIC PEANUT BUTTER, PEANUTS, CREAMERY BUTTER, UN-REFINED SUGAR, WHOLE EGG.",,,,,,,,,PENDING
00004559,Peanuts,"PEANUTS, WHEAT FLOUR, SUGAR, RICE FLOUR, TAPIOCA STARCH, SALT, LEAVENING (AMMONIUM BICARBONATE, BAKING SODA), SOY SAUCE (WATER, SOYBEANS, WHEAT, SALT), POTATO STARCH.",,,"E500 - Sodium carbonates,E500ii - Sodium hydrogen carbonate,E503 - Ammonium carbonates,E503ii - Ammonium hydrogen carbonate",,,,,,PENDING
00004902,pearl milling company maple pancake on the go,"FARBY SPRUDELND DAS WASSER COLORE LEAU DURAN BOULONNANT EYERVESCENTE, COLORANDOUA DEL BAGNO Pawning Buks mon Fonge Cire ories PARA POR at Sg ated Fat 2.5g Fat Og unsaturated Fat 3g unsaturated Fat 2.5g sterol Omg um 180mg al Carbohydrate 17g Dietary Fiber 19 Total Sugars 1g Includes Og Added Sugars Protein 2g Vitamin D Omcg Calcium 13mg Iron Omg Potassium 173mg FACTURED AND DISTRIBUTED BY: EL USA LLC SOUTH NORTHPOINT, SUITE 100, PPELL TX, 75019, USA www.takis.us BARCEL 150 Dally Value 10% 13% A COMPANY OF GRUPO BIMBO 0% 8% 6% 4% 0% The Day Vue tes you how much & nunt in a serving of food contribute to a daily diet 2,000 calories a day is used for general ution advice 0% 2% INGREDIENTS CORN FLOUR (PROCESSED WITH LIME), VEGETABLE OIL (PALM AND/OR SOYBEAN AND/OR CANOLA OLS SEASONING (MALTODEXTRIN, CITRIC ACID, SUGAR, POTASSIUM CHLORIDE, SALT, MONOSODIUM GLUTAMATE, HOROLYZED SOYBEAN PROTEIN, NATURAL AND ARTIFICIAL BARS, HYDROLYZED YEAST, SOYBEAN OIL, ONION POWDER, LAKE, SODIUM BICARBONATE, CHILI PEPPER (CHILE). AINOSINATE, DISODIUM GUANYLATE, TBHQ RESERVATIVEN CONTAINS SOY MADE IN A FACILITY THAT MAY ALSO USE MILK, EGG, HEAT AND PEANUTS 0% 4% smartabel Scan here for more food information or call 1-800-432-8266 CO●●●●●●●●● OO Takis Takis OTE FOLLOW US ON o Y TAKIS USA Q TERRACYCLE GUARANTEED FRESH UNTIL PRINTED DATE Questions or comments 1-800-354-3372 Weekdays 8:00 am to 8:00 pm EST essed Please provide pro name, bag size d price and numbers found on the bag for a 57528 04811&quot; 2 BL.A.057018822 d nong",,,"E330 - Citric acid,E621 - Monosodium glutamate,E627 - Disodium guanylate",,,,,,PENDING
0000500000050,Smuckers Natural Peanut Butter,"PEANUTS, CONTAINS 1% OR LESS OF SALT.",,,,,,,,,PENDING
0000600020002,Orange drink mix,"Hydrolyzed gelatin, whey protein concentrate (milk), fructooligosaccharide, citric acid, natural flavors, color (turmeric extract, beet juice color, beta-carotene), orange juice powder (orange juice solids, maltodextrin), potassium citrate monohydrate, silicon dioxide (anti-caking agent), soy lecithin, sucralose (non-nutritive sweetener). Manufactured in a facility that also processes wheat, eggs, peanuts, and tree nuts.",en:milk,,"E100 - Curcumin,E160a - Carotene,E160ai - Beta-carotene,E322 - Lecithins,E322i - Lecithin,E330 - Citric acid,E428 - Gelatine,E955 - Sucralose",,,,,,PENDING
0000609154005,Madeline chocolate advent,"milk chocolate (sugar, milk, cocoa butter, chocolate, soy lecithin - an emulsifier, vanillin - an artificial flavor) contains: milk, soy manufactured on equipment that processes peanuts and tree nuts (almonds, pecans, cashews and hazelnuts). d",,,"E322 - Lecithins,E322i - Lecithin",,,,,,PENDING
0000609983810,Hatchers peanut butter filled milk chocolate,"Milk chocolate (sugar, milk, cocoa butter, chocolate, soy lecithin-an emulsifier, vanilla-an artificial flavor). peanut butter center: peanut butter (peanuts, salt, partially hydrogenated palm oil), sugar, palm kernel oil, partially defatted peanut flour, nonfat milk, partially hydrogenated palm oil, salt, soy lecithin (an emulsifier), tbhq and citric acid to protect freshness).","en:milk,en:peanuts",,"E322 - Lecithins,E322i - Lecithin",,,,,,PENDING
00006910,Peanut Butter Filled Pretzel Nuggets,"UNBLEACHED ENRICHED FLOUR (WHEAT FLOUR, NIACIN, REDUCED IRON, THIAMINE MONONITRATE, RIBOFLAVIN, FOLIC ACID), PEANUT BUTTER (ROASTED PEANUTS, SUGAR, SALT), CONTAINS 2% OR LESS OF SALT, PALM OIL, CORN SYRUP, L-CYSTEINE HYDROCHLORIDE, SODIUM HYDROXIDE. CONTAINS WHEAT, PEANUT.",,,,,,,,,PENDING
0000790430018,"Welch's, pb&j trail mix, grape","Peanuts flavored dried cranberries (cranberries, sugar, sunflower oil, natural flavor), peanut flavored coating dried cane syrup, palm kernel oil, partially defatted peanut flour, whey powder [milk], salt, soy lecithin [an emulsifier], yogurt flavored coating (sugar, palm kernel oil and/or palm oil, nonfat dry milk, whey powder, nonfat yogurt powder [cultured whey, nonfat milk], titanium dioxide [color], soy lecithin [an emulsifier], lactic acid, vanilla), sugar, corn oil, salt, coloring (includes vegetable juice), tapioca dextrin, honey, gum arabic, natural flavors, corn syrup, confectioner's glaze.",en:milk,,"E1400 - Dextrin,E171 - Titanium dioxide,E270 - Lactic acid,E322 - Lecithins,E322i - Lecithin,E414 - Acacia gum",,,,,,PENDING
0000790430063,"Welch's, pb & j trail mix, strawberry","Peanuts, strawberry flavored dried cranberries (cranberries, sugar, natural flavors, citric acid, sunflower oil, elderberry juice concentrate [color]), peanut flavored coating (dried cane syrup, palm kernel oil, partially defatted peanut flour, whey powder [milk], salt, soy lecithin [an emulsifier]), yogurt flavored coating (sugar, palm kernel oil and/or palm oil, nonfat dry milk, whey powder, nonfat yogurt powder [cultured whey, nonfat milk], titanium dioxide [color], soy lecithin [an emulsifier], lactic acid, vanilla), sugar, corn oil, salt, coloring (includes beet juice beta carotene, beet juice concentrate), tapioca dextrin, honey, gum arabic, corn syrup, natural flavors, confectioner's glaze.",en:milk,,"E1400 - Dextrin,E160a - Carotene,E160ai - Beta-carotene,E171 - Titanium dioxide,E270 - Lactic acid,E322 - Lecithins,E322i - Lecithin,E330 - Citric acid,E414 - Acacia gum",,,,,,PENDING
0000790430070,"Welch's, pb&j trail mix, grape","Peanuts, flavored dried cranberries (cranberries, sugar, sunflower oil, natural flavor). peanut flavored coating (dried cane syrup, palm kernel oil, partially defatted peanut flour, whey powder [milk], salt, soy lecithin [an emulsifier], yogurt flavored coating (sugar, palm kernel oil and/or palm oil, nonfat dry milk, whey powder, nonfat yogurt powder [cultured whey, nonfat milk], titanium dioxide [color], soy lecithin [an emulsifier], lactic acid, vanilla), sugar, corn oil, salt, coloring (includes vegetable juice), tapioca dextrin, honey, gum arabic, natural flavors, corn syrup, confectioner's glaze.",en:milk,,"E1400 - Dextrin,E171 - Titanium dioxide,E270 - Lactic acid,E322 - Lecithins,E322i - Lecithin,E414 - Acacia gum",,,,,,PENDING
0000790870043,Skippy wafer bar,"peanut butter (roasted peanuts, sugar, hydrogenated vegetable oil (cottonseed, soybean and rapeseed oil) to prevent separation, salt), wheat wafers (pastry flour, soybean oil, sodium bicarbonate), peanut flour, palm oil, sugar, milk chocolate compound coating (sugar, vegetable oil [palm kernel oil and hydrogenated palm kernel oil], cocoa powder, nonfat dry milk, whole milk powder, whey powder, soy lecithin [an emulsifier], salt, artificial flavor), corn starch, salt. contains milk, peanut, soy, wheat.","en:gluten,en:milk,en:peanuts,en:soybeans",,"E322 - Lecithins,E322i - Lecithin,E500 - Sodium carbonates,E500ii - Sodium hydrogen carbonate",,,,,,PENDING
0000790870517,Peanut butter chocolate mini wafer bars,"Peanut butter, roasted peanuts, sugar, hydrogenated vegetable oil (cottonseed oil, soybean oil, rapeseed oil), salt, wheat wafers (pastry flour, soybean oil, sodium bicarbonate), peanut flour, palm oil, milk chocolate compound coating (sugar, vegetable oil [palm kernel oil, hydrogenated palm kernel oil], cocoa powder, nonfat dry milk, whole milk powder, whey powder, soy lecithin [an emulsifier], artificial flavor), corn starch, salt.",,,"E322 - Lecithins,E322i - Lecithin,E500 - Sodium carbonates,E500ii - Sodium hydrogen carbonate",,,,,,PENDING
0000943627129,Gingerbread Mini Nut Bars,"&quot;The % Daily Value (DV) tells you how mucha nutrient in a serving of food contributes to a daily diet. 2,000 calories a day is used for general nutrition advice, INGREDIENTS: PEANUTS, INULIN, ALMONDS, YOGURT FLAVORED COATING (SUGAR, PALM KERNEL OIL, WHEY, NONFAT DRY MILK, YOGURT POWDER (NONFAT MILK, LACTIC ACID), SOY LECITHIN, VANILLA), CASHEWS, RICE FLOUR, MOLÄSSES, HONEY, BROWN RICE SYRUP. NATURAL FLAVORS, SPICE BLEND, SEA SALT, SOY LECITHIN, SUGAR. CONTAINS MILK, ALMONDS, CASHEWS, PEANUTS AND SOY, MAY CONTAIN EGGS AND TREE NUTS. DISTRIBUTED BY: Walmart lnc. Bentonville, AR 72716 PRODUCT OF CANADA MAY CONTAIN AN OCCASIONAL STEM OR SHELL FRAGMENT.",en:peanuts,,"E270 - Lactic acid,E322 - Lecithins,E322i - Lecithin",,,,,,PENDING
0000987500001,Tofu Nature Bio,"Soja* (min. 54%), eau, coagulant (chlorure de magnésium) (*issu de l'agriculture biologique). Peut contenir des races de céréales contenant du gluten, cacahuètes, fruits à coque, éleri, graines de moutarde et graines de sésame. conserver à température","en:celery,en:gluten,en:mustard,en:nuts,en:peanuts,en:sesame-seeds,en:soybeans",,,,,,,,PENDING
0001000712260,Pindakaas,"PINDA 90%, suiker, PINDAolie, geheel geharde palmolie, zout.",en:peanuts,,,,,,,,PENDING
0001003676718,,"WHEAT flour, sugar, vegetable oil (palm, rapeseed, sunflower, cottonseed), corn starch, glucose syrup, salt, raising agents (E 503, E 450, E 500), emulsifier (SOY lecithin), flavourings, colourings (E 160a). May contain traces of eggs, peanuts, milk, hazelnuts, pistachios, sesame seeds, sulphites.",,,"E160a - Carotene,E322 - Lecithins,E322i - Lecithin,E450 - Diphosphates,E500 - Sodium carbonates,E503 - Ammonium carbonates",,,,,,PENDING
0001005400031,cocoa powder,"Cocoa Powder, Synthetic Flavour. Manufactured on shared equipment that processes Peanuts, Tree Nuts, Milk, Soy and Wheat.",,,,,,,,,PENDING
00010082,Reindeer Crunch,"Non-GMO Popcorn, Brown Sugar, Non-GMO Corn Syrup. Butter (Cream, Natural Flavor), Cashews, Walnuts, Pecans, Molasses, RBD Coconut Oil, Dark Chocolate (Sugar, Cacao, Cacao Butter), Sunflower Lecithin, Celtic Sea Salt, Sunflower Oil ALLERGY INFORMATION: Contains: Milk, Cashew, Walnut, Pecan. Manufactured in a facility that also processes: Egg, Wheat, Sesame, Peanuts, Soy, Almond and Coconut.",en:eggs,,"E322 - Lecithins,E322i - Lecithin",,,,,,PENDING
0001110843432,"Mixed Nuts, Salted","Blanched and unblanched peanuts, cashews, almonds, brazil nuts, hazelnuts, pecans, peanut oil and/or canola oil and/or cottonseed oil, sea salt.",,,,,,,,,PENDING
0001115314830,"Peanut butter, creamy","Dry roasted peanuts, sugar, hydrogenated rapeseed oil, salt.",,,,,,,,,PENDING
0001115314832,Chunky peanut butter,"Dry roasted peanuts, sugar, hydrogenated rapeseed oil, salt.",,,,,,,,,PENDING
0001115314855,"Peanut spread, creamy","Roasted peanuts, corn syrup solids, pea protein, sugar salt, hydrogenated rapeseed oil, minerals: (magnesium oxide, zinc oxide, ferric orthophosphate, copper gluconate) and vitamins: (niacinamide, folic acid, pyridoxine hydrochloride [vitamin b6]).",,,,,,,,,PENDING
0001116103494,Whole roasted cashews,"Cashews, vegetable oil (peanut, cottonseed, soybean and/or sunflower seed), sea salt.",,,,,,,,,PENDING
0001121301765,Chocolate covered peanuts,"Milk chocolate (sugar, cocoa butter, milk, chocolate liquor, soy lecithin [an emulsifier], vanilla), peanuts.","en:milk,en:peanuts",,"E322 - Lecithins,E322i - Lecithin",,,,,,PENDING
0001121303141,Crunchy Peanut Butter,"Peanuts, sugar, hydrogenated vegetable oil (rapeseed, cottonseed, soybean), salt, molasses.",,,,,,,,,PENDING
0001121303143,"Peanut butter spread with honey, creamy","Peanut butter (peanuts, sugar, hydrogenated vegetable oils [rapeseed, cottonseed, soybean], salt), sugar, honey.",,,,,,,,,PENDING
0001121303273,"Roasted peanuts, honey","Peanuts, sugar, honey, peanut oil, potato starch, maltodextrin, salt, xanthan gum.",en:peanuts,,E415 - Xanthan gum,,,,,,PENDING
0001121303276,Spicy sweet mix,"Cajun crunch mix (rice cracker chili bits [water, soybean, wheat, sea salt], sugar, chili starch, artificial coloring [yellow 5, yellow 6], peanuts, seasoning [paprika, thyme, spices, onion, garlic and less than 2% silicon dioxide to prevent caking], sunflower oil, cheddar sesame sticks, hot and spicy sesame sticks [unbleached wheat flour {contains malted barley flour as a natural enzyme additive}, soybean oil, sesame seeds, ground bulgur wheat, pepper sauce seasoning {tomato powder, corn flour, maltodextrin, onion powder, sour cream powder {cream, cultured buttermilk, reduced lactose whey, nonfat milk, natural flavor, autolyzed yeast, sodium citrate, sour cream cultures}, monosodium glutamate, green bell pepper powder, garlic powder, pepper sauce powder {aged red peppers, vinegar}, jalapeno pepper powder, chili pepper}, cheese powder {cheddar cheese {cultured milk, enzymes}, whey protein concentrate, lactose, buttermilk solids, annatto extract}, salt, beet powder {color}, turmeric {color}, annatto {color}, citric acid], sunflower seeds, pumpkin seeds), honey roasted peanuts (peanuts, sugar, honey vegetable oil [peanut, cottonseed, soybean and/or sunflower seed], salt, modified food starch [potato], maltodextrin and xanthan gum), honey roasted sesame sticks (flour [wheat flour, malted barley flour], partially hydrogenated vegetable oil [soybean, cottonseed], sesame seeds, sugar, bulgur wheat, vegetable oil [peanut, cottonseed, soybean and/or sunflower seed], honey, contains less than 2% of the following: salt, modified potato starch, soy protein concentrate, soy flour, maltodextrin, turmeric and beet powder [color], xanthan gum).","en:gluten,en:milk,en:peanuts,en:sesame-seeds,en:soybeans",,"E102 - Tartrazine,E110 - Sunset yellow FCF,E160b - Annatto,E330 - Citric acid,E331 - Sodium citrates,E415 - Xanthan gum,E621 - Monosodium glutamate",,,,,,PENDING
0001121308893,Premium Jurtle Caramel Corn,"Dark chocolate flavored confectioners' coating (sugar, vegetable oils [palm kernel and partially hydrogenated palm], cocoa, skim milk, cocoa [processed with alkali], vanilla, natural and artificial flavors, sorbitan tristearate and soy lecithin [emulsifiers], salt), brown sugar, corn syrup, white confectioners' coating (sugar, partially hydrogenated palm kernel oil, nonfat milk powder, soy lecithin [emulsifier], monoglycerides, artificial color [titanium dioxide], artificial flavor), popcorn, roasted salted almonds (whole almonds, peanut oil, salt), roasted salted pecan pieces (pecan pieces, peanut oil, salt), sugar, water, coconut oil (pure coconut oil, beta-carotene), butter (cream, salt), natural flavor, salt, artificial butter flavor, fd&c yellow 5 lake (e102), baking soda (sodium bicarbonate).",en:milk,,"E102 - Tartrazine,E160a - Carotene,E160ai - Beta-carotene,E171 - Titanium dioxide,E322 - Lecithins,E322i - Lecithin,E500 - Sodium carbonates,E500ii - Sodium hydrogen carbonate",,,,,,PENDING
0001121325605,"Dry roasted peanuts, unsalted",Peanuts.,,,,,,,,,PENDING
0001121325606,"Peanuts, butter toffee","Sugar, peanuts, butter* (cream [milk], salt), salt, peanut and/or canola and/or cottonseed oil, artificial flavor (vanillin).",en:milk,,,,,,,,PENDING
0001121325624,"Spanish peanuts, salted","Peanuts, peanut and/or canola and/or cottonseed oil, sea salt.",,,,,,,,,PENDING
0001121325627,"Dry honey roasted peanuts, salted","Peanuts, sugar, honey, high fructose corn syrup, sea salt, cornstarch, xanthan gum.",,,E415 - Xanthan gum,,,,,,PENDING
0001121325630,"Honey roasted peanuts, salted","Peanuts, sugar, peanut and/or canola and/or cottonseed oil, honey, modified potato starch, sea salt, xanthan gum.",,,E415 - Xanthan gum,,,,,,PENDING
0001121325631,"Mixed nuts, lightly salted","Blanched and unblanched peanuts, cashews, almonds, brazil nuts, pecans hazelnuts, peanut and/or canola and/or cottonseed oil, sea salt.",,,,,,,,,PENDING
0001121325632,"Cashews, salted","Cashews, peanut and/or canola and/or cottonseed oil, sea salt.",,,,,,,,,PENDING
0001121325633,"Mixed nuts, salted","Balanced and unblanched peanuts, cashews, almonds, brazil nuts, pecans, hazelnuts, peanut and/or canola and/or cottonseed oil, sea salt.",en:nuts,,,,,,,,PENDING
0001121325634,"Whole cashews, salted","Cashews, canola and/or peanut and/or cottonseed oil, sea salt.",,,,,,,,,PENDING
0001121325635,"Deluxe mixed nuts, salted","Cashews, almonds, brazil nuts, hazelnuts, pecans, peanut and/or canola and/or cottonseed oil, sea salt.",,,,,,,,,PENDING
0001121325638,"Party peanuts, salted","Peanuts, peanut and/or canola and/or cottonseed oil, sea salt.",,,,,,,,,PENDING
00000010,xxx,"Farine de blé 33%, sucre, huile de colza, œufs de poules élevées en plein air 18%, sirop de glucose-fructose, Un stabilisant : glycérol, poudres à lever : carbonates d'ammonium-carbonates de sodium - citrates de sodium (blé), sel, gluten de blé, lait écrémé en poudre, fibres végétales, arôme naturel.","en:eggs,en:gluten,en:milk",,"E331 - Sodium citrates,E422 - Glycerol,E503 - Ammonium carbonates",,,,,,PENDING
00000015,Madeleines ChocoLait,"Farine de blé 27%, chocolat au lait 18% (sucre, beurre de cacao, lait entier en poudre, pâte de cacao, émulsifiant : lécithines (soja), arôme naturel de vanille), sucre, huile de colza, œufs de poules élevées en plein air 14.5%, sirop de glucose-fructose, stabilisant : glycérol, poudres à lever : carbonates d'ammonium - carbonates de sodium - citrates de sodium (blé), sel, gluten de blé, lait écrémé en poudre, fibres végétales, arôme naturel. Peut contenir des traces de fruits à coque.",,,"E322 - Lecithins,E322i - Lecithin,E331 - Sodium citrates,E422 - Glycerol,E500 - Sodium carbonates,E503 - Ammonium carbonates",,,,,,PENDING
00000017,Collagen For Her,"whey protein concentrate, milk protein concentrate, flavoring, thickener (xanthan gum), sweetener (sucralose)",,,"E415 - Xanthan gum,E955 - Sucralose",,,,,,PENDING
00000022,Farandole de madeleine,"Madeleines ChocoNoir - Madeleines nappées de chocolat noir : farine de blé 27%, chocolat noir 18% (pâte de cacao, sucre, beurre de cacao, matière grasse laitière anhydre, émulsifiant : lécithines (soja), arôme naturel de vanille), sucre, huile de colza, œufs de poules élevées en plein air 14.5%, sirop de glucose-fructose, stabilisant : glycérol, poudres à lever : carbonates d'ammonium - carbonates de sodium - citrates de sodium (blé), sel, gluten de blé, lait écrémé en poudre, fibres végétales, arôme naturel. Peut contenir des traces de fruits à coque. Toutes vos remarques et suggestions sont les bienvenues : contactez notre Service Qualité en indiquant le nom et le numéro du lot du produit concerné figurant sur le dessus de la boîte. Pour conserver toutes les qualités de ce produit, le maintenir dans un milieu tempéré à l'abri de la chaleur, de l'humidité et du froid.",,,"E322 - Lecithins,E322i - Lecithin,E331 - Sodium citrates,E422 - Glycerol,E500 - Sodium carbonates,E503 - Ammonium carbonates",,,,,,PENDING
00000029,Anthony's Organic Cocoa Butter Chunks,Allulose,,,,,,,,,PENDING
00000049,Mre Lite,"Whole Food Protein Blend (Beef Protein Isolate, Pea Protein, Brown Rice Protein, Chicken Protein, Egg Albumin, Salmon Protein), Milk Powder (for texture), Medium Chain Triglyceride (MCT) Oil Powder (Nonfat Dry Milk, Potassium Phosphate), Natural and Artificial Flavors, Cellulose Gum, Sucralose, Acesulfame Potassium, Maltodextrin, Salt, Silicon Dioxide",,,"E340 - Potassium phosphates,E466 - Sodium carboxy methyl cellulose,E950 - Acesulfame k,E955 - Sucralose",,,,,,PENDING
00000051,Fondants Citron,"mûre bio 50% (fruit 27%, purée 23%) sucre de canne bio, gélifiant: pectine de fruits, traces éventuelle de fruit à coques","en:eggs,en:gluten,en:milk,en:nuts",,E440 - Pectins,,,,,,PENDING
00000055,Calcium,"Sucre, blanc d'œufs 19%, beurre concentré, chocolat noir 12.5% (pâte de cacao, sucre, beurre de cacao, matière grasse laitière anhydre, émulsifiant: lécithines (soja), arôme naturel de vanille), poudre d'amande 12%, farine de blé 11%, ceufs 5.5%, sirop de glucose-fructose, stabilisant : glycérol, cacao maigre en poudre, sel, arôme naturel de cacao. Peut contenir des traces d'autres fruits à coque.","en:eggs,en:gluten,en:milk,en:nuts,en:soybeans",,"E322 - Lecithins,E322i - Lecithin,E422 - Glycerol",,,,,,PENDING
00000072,Protien iced tea,"Aqua, Cocos Nucifera Fruit Juice, Aloe Barbadensis Leaf Juice, Butyrospermum Parkii Butter, Dicaprylyl Carbonate, Caprylic/Capric Triglyceride, Olea Europaea Fruit Oil, Cetearyl Alcohol, Glyceryl Stearate SE, Hexyidecanol, Hexyldecyl Laurate, Hydrogenated Vegetable Glycerides, Argania Spinosa Kernel Oilt, Glycerin, Squalane, Sodium Hyaluronate, Cucumis Sativus Extract, Sodium Stearoyl Glutamate, Glyceryl Caprylate, Toco- pherol (Vitamin E), Xanthan Gum, Sodium Phytate, Sodium Ben- zoate, Citric Acid, Sodium Levulinate, Sodium Anisate, Parfum &quot;certified organic X000WD7L2D",,,"E330 - Citric acid,E415 - Xanthan gum,E422 - Glycerol,E502 - Carbonates,E621 - Monosodium glutamate",,,,,,PENDING
00000104,30 Panach' Fruits,"Pâtisseries fourrées à la pulpe de pêche : farine de blé, fourrage pêche 20% (sirop de glucose-fructose, purée de pêche 50%*, sucre, gélifiant : pectines, correcteurs d’acidité : acide citrique - citrates de sodium, arômes, conservateur : sorbate de potassium), huile de colza, œufs frais, sucre, sirop de glucose-fructose, stabilisant : glycérol, poudres à lever : carbonates d’ammonium - carbonates de sodium - diphosphates (blé), sel, lait écrémé en poudre, émulsifiants : mono et diglycérides d’acides gras, arôme. *% exprimé sur le fourrage équivalent à 10% sur l’ensemble du produit. Pâtisseries fourrées à la pulpe d'abricot : farine de blé, fourrage abricot 20% (sirop de glucose-fructose, purée d'abricot 50%*, sucre, gélifiant : pectines, correcteurs d’acidité : acide citrique - citrates de sodium, arômes, conservateur : sorbate de potassium), huile de colza, œufs frais, sucre, sirop de glucose-fructose, stabilisant : glycérol, poudres à lever : carbonates d’ammonium - carbonates de sodium - diphosphates (blé), sel, lait écrémé en poudre, émulsifiants : mono et diglycérides d’acides gras, arôme. *% exprimé sur le fourrage équivalent à 10% sur l’ensemble du produit. Pâtisseries fourrées à la pulpe de fruits rouges : farine de blé, fourrage fruits rouges 20% (sirop de glucose-fructose, purée de fraise 17.8%*, sucre, purée de framboise concentrée 5%* (équivalent à 21.2%* de purée de framboise), purée de cerise concentrée 3%* (équivalent à 11%* de purée de cerise), gélifiant : pectines, correcteurs d’acidité : acide citrique - citrates de sodium, arôme, conservateur : sorbate de potassium), huile de colza, œufs frais, sucre, sirop de glucose-fructose, stabilisant : glycérol, poudres à lever : carbonates d’ammonium - carbonates de sodium - diphosphates (blé), sel, lait écrémé en poudre, émulsifiants : mono et diglycérides d’acides gras, arôme. *soit un équivalent de 50% de purée de fruits sur le fourrage équivalent à 10% sur l’ensemble du produit.",,,"E202 - Potassium sorbate,E330 - Citric acid,E331 - Sodium citrates,E422 - Glycerol,E440 - Pectins,E450 - Diphosphates,E471 - Mono- and diglycerides of fatty acids,E500 - Sodium carbonates,E503 - Ammonium carbonates",,,,,,PENDING
00000112,Plus,"wate NUTRITIONAL INFORMATION for 250 ml of product ready for consumption INFORMAZIONI NUTRIZIONALI per 250 ml di prodotto pronto da consumare Valore Energetico/Energy 905,67 kJ/215,13 kcal%VNR Grassi, di cui: /Fat, of which: ac acidi grassi saturi / Saturates grassi monoinsaturi monounsaturated fatty acids acidi grassi poli insaturi polyunsaturated fatty acids di cui acido linoleico/ of which linoleic acid Carboidrati/Carbohydrate di zuccheri/of which sugar Fibry limentari /Fiber Pro/Protein Vitamina B12/Vitamin B12 Biotina (Vitamina H) /Biotin (Vitamin H) Vitamina K/Vitamin K Acido Pantotenico (Vitamina B5)/ Pantothenic Acid (Vitamin B5) Minerali/Minerals Potassio / Potassium Calcio/Calcium Fosforo/Phosphorus Magnesio/Magnesium Sale Vita e/Vitamins Vitara A/Vitamin A Vitana D/Vitamin D Vitamina E /Vitamin E Vitamina C/Vitamin C Tiamina (Vitamina B1)/Thiamine (Vitamin B1) 0,44 mg Riboflavina (Vitamina B2) / Riboflavin (Vitamin B2) 0,56 mg Niacina (Vitamina B3) / Niacin (Vitamin B3) 6,4 mg Piridossina (Vitamina B6) /Pyridoxine (Vitamin B6) 0,56 mg Folato/Folate Ferro/Iron Zinco/Zinc Rame/Copper 6,799 2,95 g 2,29 g Manganese/Manganese Selenio/Selenium loddine Sodio/Sodium Ganoderma ES/DE 1,55 g 1,08 g 22,06 g 19,77 g 1,29 g 16,7 g 0,614 g 320 mcg 40% 2 mcg 40% 4,8 mg 40% 32 mg 40% 40% 40% 40% 40% 50% 100 mcg 1,25 mcg 50% 20 mcg 40% 22,5 mcg 30% 2,4 mg 40% 760 mg 38% 397 mg 49,6% 280 mg 40% 150 mg 40% 5,3 mg 38% 3,8 mg 38% 0,4 mg 40% 0,8 mg 40% 22 mcg 40% 60 mcg 40% Ingredients P Fruttosio, Fibra di me Latte in polvere Ma 245,44 mg 200 mg germe di grandi p magnesio, Inulina Ad xantano, Fosfato d (Ganoderma lucidan sporophorum ES C Vitamina C (Acido L di zinco, Agente antag di silicio, Solfato manganese, Na Vitamina E (Aceto de Vitamina A (Acetato de di rame; Vitamina B5 Ca to); Vitamina 03 (Cole B6 (Cloridrato di pride (Riboflavina), Vitamina tiamina); Vitamina KFlac 89 (Acido pteroil-morga di potassio, Selenito da Vitamina B12 (Canecabalim Ingredients: Soy protes Fructose; Apples ber citrate; Powdered m Wheat germ all powde magnesio; Inulina Gomma di xantang Fo Ganoderma Gand (Curtis) P. Karst) sporphe mg); Vanilla flavour Vo bic Acids Zinc glo agent Silicon diode Manganese glucone n mide: Vitamin E AR cofer); Vitamin A Copper gluconate D-Pantothenic 20 ferol): Vitamin 86 P ride); Vitamin 82 Re B1 (Thiamine bydecho (Phylloquinone noglutamic acid P Sodium selende Do &quot;per porzione da 26 g con 250 ml latte parz. scremato (1,5% grassi) (Cyanocobal **serving of 26 g with 250 ml low-fat milk (1,5% fat) &quot;VNR=",,,E101 - Riboflavin,,,,,,PENDING
00000116,Vanille-Erdbeer-Cocktail,"Sunflower Seed Butter (Roasted Sunflower Kernel, Dried Cane Syrup, Salt), Vegetable Glycerin, Tapioca Syrup, Rice Crisps (Rice Flour, Rice Bran, Raisin Juice Concentrate, Honey, Salt), Flour Mix (Rice, Buckwheat, Millet), Date Paste, Quinoa Flakes, Rice Starch, Dried Cane Syrup, Puffed Amaranth, Brown Cane Sugar, Ground Flaxseed, Gum Arabic, Xanthan Gum, Salt, Natural Flavor, Leavening (Baking Soda), Vitamins and Minerals (Niacin, Riboflavin, Vitamin B6, Thiamin, Calcium).",,,"E414 - Acacia gum,E415 - Xanthan gum,E422 - Glycerol,E500 - Sodium carbonates,E500ii - Sodium hydrogen carbonate",,,,,,PENDING
00000127,Whey Protein - Chocolate,"L-choline-bitartrate 168mg, extrait de racine de chicorée de Bruxelles (Cichorium intybus L. sativum) 350mg, enveloppe de la capsule (hydroxypropylméthycellulose), extrait de coeur et de pétale d'artichaut (Cynara scolymus) 210mg, extrait de racine de pissenlit (Taraxacum officinale) 210mg, extrait de rhizome de curcuma (Curcuma longa) 140mg dont 95% de curcuminoïdes 133mg",,,,,,,,,PENDING
00000144,Bio Whey Isolat,"100% Erythritol, un producto NON GMO, apto para vegetarianos y veganos, libre de soya y gluten, apto para diabeticos, usalo para horn",,,,,,,,,PENDING
00000146,Batido nutricional / Nutricional Shake,"Soya protein isolate (40,8%), cookie crumbs (wheat flour (gluten), rice flour, oat flour (gluten), barley malt flour, sugar, cocoa, corn flour, salt, emulsifier (soya lecithin), fructose, inulin, oat fibre (gluten). polydextrose, soya oil thickeners (quar gum powde, santhan gum, carragenan, pectin), oat bran gluten), milk protein concentrate (1.9 %), flavourings (lactose), calcium citrate, dextrose, potassium phosphate, sodium chloride, anti-caking agent (silicon dioxide), sweeteners (sucralose, acesulfame-K), rapeseed oil, magnesium oxide, ginger root powder, L-ascorbic acid, ferrous fumarate, DL-alpha tocopheryl acetate, liquorice root powder, nicotinamide, papaya powder, zinc oxide, cupric gluconate, retinyl palmitate, D-calcium pantothenate, cholecalciferol, pyridoxine hydrochloride, cyanocobalamin, manganese carbonate, riboflavin, thiamin hydrochloride, ascorbyl palmitate, pteroylmonoglutamic acid, Dl-alpha tocopherol, potassium iodide, sodium selenite, D-biotin. CONTAINS GLUTEN, MILK AND SOYA. SOUTH AFRICA, LTD.","en:gluten,en:milk,en:soybeans",,"E1200 - Polydextrose,E304 - Fatty acid esters of ascorbic acid,E304i - Ascorbyl palmitate,E307 - Alpha-tocopherol,E322 - Lecithins,E322i - Lecithin,E440 - Pectins,E551 - Silicon dioxide,E950 - Acesulfame k,E955 - Sucralose",,,,,,PENDING
00000154,Mct Oil Powder,"Austin, TX 78704 2311 S 5th St. #113 Sodium Medium Chain Triglycerides 7g sed Ga a 2000 calorie diet. &quot;Percent Dailyalues a &quot;Daily Value not estaplished. CER INGREDIENTS: Inulin, sodium cascinate, silicon dioxide, sunflower lecithin Contains coconut, milk Distributed by: Opportuniteas Inc. portuniteas.com",,,"E322 - Lecithins,E322i - Lecithin",,,,,,PENDING
00000158,,"Oetker 4 Portionen, Milch & Zucker zugeben Original Pudding Vanille Geschmack NUTRI-SCC AB zubereitetes F",,,,,,,,,PENDING
00000212,yaourt vanille sucré,"lait de vache entier pasteurisé. ferments lactiques. arôme naturel de vanille 1,25%. sucre 5%",,,,,,,,,PENDING
00000224,madeleine Bijou ChocoPépites,"Farine de _blé_, pépites de chocolat 18% (sucre, pâte et beurre de cacao, émulsifiant lécithines (tournesol), arôme), huile de colza, sucre, _oeufs frais_, sirop de glucose-fructose, stabilisant: glycérol, poudres à lever: carbonates d'ammonium - carbonates de sodium - diphosphates (_blé_), arôme, émulsifiants mono et diglycérides d'acides gras, sel, lait écrémé en poudre, épaississant gomme xanthane. Peut contenir des traces de _soja_ et de _fruits à coque_.",,,"E322 - Lecithins,E322i - Lecithin,E415 - Xanthan gum,E422 - Glycerol,E450 - Diphosphates,E471 - Mono- and diglycerides of fatty acids,E500 - Sodium carbonates,E503 - Ammonium carbonates",,,,,,PENDING
00000225,bijou cacao,"Ingnédients Farine de blé, sucre, huiles végétales (colza et tournesol), oeufs frais, sirop de glucose-fructose, stabilisant : glycérol, cacao maigre en poudre 1,9%, lait écrémé en poudre, pâte de cacao 0,8%, poudres à lever : carbonates d'ammonium - carbonates de sodium - diphosphates (blé), noisette, lactose, émulsifiants: mono et diglycérides d'acides gras lécithines (soja), sel, arôme. Peut contenir des traces d'autres fruits à coque.",en:soybeans,,"E422 - Glycerol,E450 - Diphosphates",,,,,,PENDING
00000227,Bijou Caramel ChocoLait,"Farine de _blé_, fourrage lait et caramel 17% (sirop de glucose-fructose, _lait_ concentré sucré 20%*, stabilisant : glycérol, caramel 2.5%*, sel, arôme, gélifiant : pectines, conservateur : sorbate de potassium), huile de colza, _œufs_ frais, sucre, chocolat au lait 11% (sucre, beurre de cacao, poudre de _lait_ entier, pâte de cacao, émulsifiant : lécithines (_soja_), arôme), sirop de glucose-fructose, stabilisant : glycérol, poudres à lever : carbonates d'ammonium - carbonates de sodium - diphosphates (_blé_), sel, émulsifiants : mono et diglycérides d’acides gras, _lait_ écrémé en poudre, arôme. *% exprimés sur le fourrage équivalent respectivement à 3.4% et 0.4% sur l’ensemble du produit.","en:eggs,en:gluten,en:milk,en:soybeans",,"E202 - Potassium sorbate,E322 - Lecithins,E422 - Glycerol,E440 - Pectins,E450 - Diphosphates,E471 - Mono- and diglycerides of fatty acids,E500 - Sodium carbonates,E503 - Ammonium carbonates",,,,,,PENDING
00000229,Vanilla Grass-fed Whey Protein Isolate,"Whey Protein Isolate, Organic Cane Sugar, Organic Vanilla Flavor, Sunflower Lecithin",,,"E322 - Lecithins,E322i - Lecithin",,,,,,PENDING
00000245,Psyllium husk powder,"isolat de protéines de lait ( 92% de protéines sur matières sèche ), cacao en poudre, arôme naturel, épaississant: gomme xanthane, émulsifiant : lécithine de tournesol, arôme, lactase, édulcorant : sucralose.",,,"E322 - Lecithins,E322i - Lecithin,E415 - Xanthan gum,E955 - Sucralose",,,,,,PENDING
00000274,Protine,"Whole Food Protein Blend (Beef Protein Isolate, Pea Protein, Brown Rice Protein, Chicken Protein, Egg Albumin, Salmon Protein), Natural and Artificial Flavors, Cookie Pieces (Sugar, Unbleached Enriched Flour [Wheat Flour, Niacin, Reduced Iron, Thiamine Mononitrate {Vitamin B1}, Riboflavin {Vitamin B2}, Folic Acid], High Oleic Canola Oil and/or Palm Oil and/or Sunflower Oil, Cocoa [Processed with Alkali], High Fructose Corn Syrup, Leavening [Baking Soda and/or Calcium Phosphate], Soy Lecithin, Vanillin [an Artificial Flavor], Chocolate), Milk Powder (for creaminess), Cellulose Gum, Medium Chain Triglyceride (MCT) Oil Powder, Salt, Sucralose, Acesulfame Potassium, Maltodextrin",,,"E322 - Lecithins,E322i - Lecithin,E341 - Calcium phosphates,E466 - Sodium carboxy methyl cellulose,E500 - Sodium carbonates,E500ii - Sodium hydrogen carbonate,E950 - Acesulfame k,E955 - Sucralose",,,,,,PENDING
00000307,potage instantané poireau,"Ingredients matodextrine, fecule de pomme de tere poEAR shya (12 %). sek epices et aromates épinard ardmes lait reme enpode tarine a ble Anti-mottantcarbonate de magndsum Analyse nutritionnelle movenne Pour 100 a Par nertion /90 a)",,,,,,,,,PENDING
00000319,,"ORGANIC CHEDDAR CHEESE (ORGANIC MILK, SALT, CHEESE CULTURES AND ENZYMES), ORGANIC BUTTERMILK, SALT, AND DISODIUM PHOSPHATE",,,E339ii - Disodium phosphate,,,,,,PENDING
00000383,No chicken kiyvs,"Water, Mushroom (20%), Fortified Wheat Flour (Wheat Flour, Calcium Carbonate, Iron, Niacin, Thiamin), Rapeseed Oil, Pea Flour, Stabiliser: Methyl Cellulose; Sustainable Palm Oil, Wheat Gluten (2.5%), Coconut Oil, Pea Fibre, Pea Protein (1.5%), Coconut Milk, Wheat Starch, Pea Starch, Garlic Purée (1%), Yeast Extract, Salt, Roast Garlic Puree (0.5%), Parsley, Dried Onion, Flavouring, Olive Oil, Yeast, Sugar, Preservative: Potassium Sorbate, Sodium Metabisulphite (Sulphites); Lemon Concentrate, Emulsifier: Mono - and Diglycerides of Fatty Acids; Colour: Beta-carotene; White Pepper, Cracked Black Pepper, Onion Powder, Black Pepper, Garlic Powder, Raising Agent: Ammonium Bicarbonate; Paprika Extract.",en:sulphur-dioxide-and-sulphites,,"E160a - Carotene,E160ai - Beta-carotene,E160c - Paprika extract,E202 - Potassium sorbate,E223 - Sodium metabisulphite,E461 - Methyl cellulose,E471 - Mono- and diglycerides of fatty acids,E503 - Ammonium carbonates,E503ii - Ammonium hydrogen carbonate",,,,,,PENDING
00000417,Owmy,"Whey Protein Concentrate, Whey Protein Isolate, Natural Chocolate, Cocoa Powder, Xanthan Gum, Sea Salt, Sucralose. Contains: Milk Manufactured for Nature's Peak 16171 S Bringhurst Blvd. Suite 600 Bluffdale, UT 84065 801-341-2845 NaturesPeak.net NATURE'S - PEAK-",,,"E415 - Xanthan gum,E955 - Sucralose",,,,,,PENDING
00000459,Keto Pancake & Waffle mix,"ALMOND FLOUR,  OAT FIBER, WHEY PROTEIN, MODIFIED FOOD STARCH, POTASSIUM BITARTRATE, NATURAL MONK FRUIT EXTRACT POWDER, VANILLA FLAVOR, BAKING SODA, CINNAMON, SALT, XANTHAN GUM",,,"E336 - Potassium tartrates,E336i - Monopotassium tartrate,E415 - Xanthan gum,E500 - Sodium carbonates,E500ii - Sodium hydrogen carbonate",,,,,,PENDING
00000471,ISO whey zero,"Lion's Mane Mushroom, Turkey Tail Mushroom, Reishi Mushroom, Chaga Mushroom, Maitake Mushroom, Shiitake Mushroom, King Trumpet Mushroom, Royal Sun Mushroom, Willow Bracket Mushroom, Organic Coffee Powder",,,,,,,,,PENDING
00000536,Natural Honey Wildflower,"Lait de vache pasteurisé (origine: France), sel, ferments (lait), conservateur: E235.",en:milk,,E235 - Natamycin,,,,,,PENDING
00000734,"Enjoy Life Chewy Bars, Soy free, Nut free, Gluten free, Dairy free, Non GMO, Vegan, Caramel Blondie","Pure Life Balanced Dry Blend (Hulled Sunflower Kernels, Cassava Flour, White Pearled-Grain Sorghum Flour, Quinoa Flakes), Tapioca Syrup, Chocolate Chips (Cane Sugar, Unsweetened Chocolate, Cocoa Butter), Date Paste, Safflower Oil, Palm Oil Shortening, Caramel Pieces (Organic Sugar, Organic Tapioca Syrup), Quinoa Flakes, Vegetable Glycerin, Ground Flaxseed, Water, Salt, Vanilla Extract, Natural Flavor, Rosemary Extract.",,,"E392 - Extracts of rosemary,E422 - Glycerol",,,,,,PENDING
00000739,Assortiment d'amandes cacaotés et croustilles,"Amandes enrobées de chocolat au lait et poudre de cacao : chocolat au lait 65% (sucre, beurre de cacao, lait entier en poudre, pâte de cacao, arôme naturel de vanille), amande torréfiée 33%, poudre de cacao maigre 2%. - Billes de céréales enrobées au chocolat au lait praliné : chocolat au lait 65% (sucre, beurre de cacao, lait entier en poudre, pâte de cacao, lait écrémé en poudre, émulsifiant : lécithines (tournesol), arôme naturel de vanille), praliné 21% (noisette 50%, sucre, émulsifiant : lécithines (tournesol)), céréales croustillantes 12% (farine de blé, gluten de blé, farine de malt de blé, poudre à lever: carbonates de sodium, sel), poudre de cacao maigre.","en:gluten,en:milk,en:nuts",,"E322 - Lecithins,E322i - Lecithin,E500 - Sodium carbonates",,,,,,PENDING
00000749,Cream soup air corners,"Grain 65% (corn grits 100%), vegetable oil 20%, corn bisque-flavored complex seasoning, polydextrose 5%, milk powder 2%",,,,,,,,,PENDING
00000777,Legion Whey (French Vanilla),"Ingredienti Magnesio bisglicinato in polvere, Idrossido di calcio, Involucro della capsula (Idrossipropilmetilcellulosa), Acido L-Ascorbico (Vitamina C), Cloruro di potassio, Fumarato ferroso, Polvere di calendula (Calendula officinalis, Fiore) (Luteina), Tocoferolo acetato (Vitamina E), Niacina (Vitamina B3), Gluconato di manganese, Ossido di zinco, Estratto di tagete francese (Tagetes erecrta L., Fiore) (Zeaxantina), Gluconato di rame, Acido pantotenico (Vitamina B5), Retinolo acetato (Vitamina A), Colecalciferolo (Vitamina D3), Riboflavina (Vitamina B2), Tiamina HCI (Vitamina B1), Piridossina HCl (Vitamina B6), Cromo picolinato, loduro di potassio, Metilcobalamina (Vitamina B12), Acido folico (Vitamina B9), Biotina HCl (Vitamina B7), Molibdato di sodio, Estratto di crusca di riso.",,,,,,,,,PENDING
00000893,Bio Whey Protein Kakao,Organic Medjool Dates,,,,,,,,,PENDING
00000897,,"Céréales (30%) (farine de blé, farine d'avoine, farine de maïs, farine de riz), composé choc (20%) (sucre, graisse végétale hydrogénée, solides du lait, cacao en poudre, émulsifiants [lécithine de soja, E492, E476]), sucre, sirop de glucose, sirop inverti, extrait sec de glucose, protéine de blé, huile de tournesol, extrait de malt d'orge, mélasse, humectant (glycérol), sel, sucre caramélisé, lait écrémé en poudre, agent levant (bicarbonate de sodium), arôme naturel, émulsifiant (lécithine de soja) , colorants (paprika, curcuma), extrait de romarin.","en:gluten,en:soybeans",,"E322 - Lecithins,E322i - Lecithin,E392 - Extracts of rosemary,E422 - Glycerol,E476 - Polyglycerol polyricinoleate,E492 - Sorbitan tristearate,E500 - Sodium carbonates,E500ii - Sodium hydrogen carbonate",,,,,,PENDING
00000953,Herbalife,"Proteína isolada de soia, frutose, fibra de aveia,inule e doreto de potássio, triglicerídeos de cadeia média, caseinato de calc, rn de leite, mix de vitaminas e minerais (maltodextrina, ortofosfato fémica ia de sódio, sulfato de zinco, niacinamida, vitamina A, gluconato de cobe De e ácido fólico), fosfato de cálcio dibásico, óxido de magnésio, estabiliane espessantes goma xantana, carragena e pectina, antiumectante dichi de de soja, corante natural vermelho de beterraba, aromatizante e eduilcorae anganes, vitamina B6 jodeto de notássio, vitamina B12, GLUITE CONTEM DERIVADOS DE AVEIA, LEITE, PEIXE* E SOJA. Proveniente da gelatina de peixe utilizada para proteção da Vitamina A. CONTEM Formulação exclusiva da: HERBALIFE INTERNATIONAL OF AMERICA, INC. Los Angeles, CA 90080-021 SA Para: HERBALIFE INTERNATIONAL DO BRASIL LTDA., Rua Marina Ciufuli Zanfelice, 371-Lapa-CEP 06us CNP): 61.297.78410003-18. Indústria Brasileira. CNP): 00.292.858/0001-77. TRATIVAValidade e Lote: vide impressão Produto isento da obrigatoriedade de reqistro 7de 06 de Agst-t MAGEM","en:fish,en:milk,en:soybeans",,,,,,,,PENDING
0000100810429,Eirn original curry Sauce,"Wheat Flour Sugar Vegetable Fat D Curry Powder (12.3%) (Coriander, Turmeric, Cumin, Ginger, Cassia, Fenugreek, Chilli, Clove, Salt, Mustard Flour, Black Pepper, Garlic Powder, Fennel) Vegetable (Tomato) Salt Flavourings (contains Celery) Glucose Syrup Flavour Enhancers (Monosodium Glutamate, Sodium 5'-Ribonucleotides) Citric Acid Milk Proteins Soya Flour Alleray Advice",,,E621 - Monosodium glutamate,,,,,,PENDING
0000101903605,Le Petit Bridé,"Viande de porc 151g pour 100g, sel, sucres (LACTOSE, dextrose), alcools, épices, ail, ferments, conservateur salpêtre cubique. Boyau naturel de porc traces possibles de fruits à coques 30% de gras comparé à la valeur de référence Ciqual 2016",,,,,,,,,PENDING
0000103224110,Riovida Burst,"Apple juice (Malus domestica (Borkh.) Borkh.), grape juice (Vitis vinifera L.), blueberry juice (Vaccinium myrtillus L.), açaí (Euterpe oleracea C. Martius), pomegranate juice (Punica granatum L.), emulsifier (vegetable glycerin), elderberry juice (Sambucus nigra L.), 4Life Tri-Factor Formula (made from bovine colostrum (milk) and egg yolk), gelling agent (xanthan gum, guar gum), berry cream flavor, vitamin C, and emulsifier (monoglycerides).",en:milk,,"E412 - Guar gum,E415 - Xanthan gum,E422 - Glycerol",,,,,,PENDING
0000103227577,PRO-TF Chocolate,"Whey protein (milk, soy), maltodextrin, egg white protein, cocoa powder, natural chocolate flavor, medium chain triglycerides, 4Life Tri-Factor Formula (made from colostrum (milk) and egg yolk), sodium chloride, thickeners (xanthan gum, sodium carboxymethylcellulose), and sweeteners (sucralose, acesulfame K).","en:eggs,en:milk,en:soybeans",,"E415 - Xanthan gum,E466 - Sodium carboxy methyl cellulose,E950 - Acesulfame k,E955 - Sucralose",,,,,,PENDING
0000103529964,impact protein whey,"whey protein concentrate (milk) (96%) (contains emulsifiers (soya lecithin, sunflower lecithin)), fat reduced cocoa powder, flavouring, sweetener (sucralose). allergen information: for allergens, see ingredients in bold. important information: store in a cool, dry place away from direct sunlight. this product is intended to be used alongside a varied and balanced diet and a healthy lifestyle. suitable for vegetarians. *naturally occurring bcaas fr: concentré de protéines de lactoserum en poudre prête à l'emploi. saveur chocolat onctueux. contient de l'edulcorant. conseils d'utilisation: mélanger 30g (environ 1 cuillère) de poudre à 250ml d'eau ou de lait et consommer 30 minutes avant et/ou après un entrainement. la poudre se tasse avec le temps. il est conseillé de la peser pour obtenir une dose précise. portion: 30g, portions par contenant: 33. valeurs nutritionnelles: pour 100g (par portion de 30g), valeur énergétique 1590kj/",en:milk,,"E322 - Lecithins,E322i - Lecithin,E955 - Sucralose",,,,,,PENDING
0000104647847,golden barrel butter flavored coconut oil,"refined coconut oil, artificial butter flavor, beta carotene color. sta",,,,,,,,,PENDING
0000105753078,Bread,"Water, white flour, honey, corn syrup, yeast, salt, cheddar, and garlic.",en:milk,,,,,,,,PENDING
00001058,"Enjoy Life Protein Bites, Soy free, Nut free, Gluten free, Dairy free, Non GMO, Vegan, Chocolate SunSeed Butter","Semisweet Chocolate Morsels (unsweetened chocolate, cane sugar, cocoa butter), Organic Invert Syrup (organic cane sugar, water). Rice Protein, Sunflower Seed Spread (roasted sunflower kernels, cane sugar, salt), Roasted and Salted Pumpkin Seeds (pumpkin seeds, safﬂower oil, salt), Natural Cocoa Powder. Chia, Palm Oil, Organic Cane Sugar (organic cane sugar, organic tapioca starch), Vanilla Extract.",,,,,,,,,PENDING
00001079,berryhill,berryhill hazelnut aod setead natural flavor with cacea & atim milk utz certiried net wt 13 0z 0 cocoa,,,,,,,,,PENDING
0000108703174,ost,"quaker rolled oats (77%), skimmed milk powder, anticaking agent (calcium phosphate).",,,,,,,,,PENDING
0000108780106,Porridge To go,"focons davoine complete (36%, arine d avoine complete (14%) sirop de sucre (14%| oligoructose sucre brun cereales croustilantes (arine de riz. farine d'avoine suare, carbonate de calaum, extrait de mat d orge, hule de tournesoli emulsiiants (glycerol lecthine de soja, amidon moditfe, arine damande moulue, poudre de lait ecreme, antioxydant extrait de tocopherol, poudre a lever (bicarbonate de socium se, carbonate de calcum aome naturel Inormations alergeness Les aleroens sont earts en gras. Peut conteni des traces de noix, ble, sesame et de Cauetes",,,"E422 - Glycerol,E502 - Carbonates",,,,,,PENDING
0000109092026,Purée de pommes de terre,"Patates, sel, sucre, lait",,,,,,,,,PENDING
00001092,Organic Chicken & Duck Feed - Layer Mash 18%,"Maltodextrin, Zucker, Süßmolkenpulver, Calciumcaseinat, Soja Kakaopulver stark entölt, Aroma, Tri-Kaliumcitrat, Verdickungsmittel (Guaremme Cabiumcarbonat, Magnesiumoxid, Eisenpyrophosphat, Zinkoxid, Selenhefe, Ascorb e Vitamin C), Niacinamide, DL-Alpha-Tocopheryl Acetat (Vitamin E), D-Calcium Pat (Pantothensäure), Riboflavin (Vitamin B2), Pyrodoxinhydrochlorid (Vitamin Thiaminehydrochlorid (Vitamin B1), Folsäure, Biotin, Methylcobalamin (Vitamin Mangansulfat, Kupferglukonat, Natriumjodit, Vitamin A (Retinylacetat), a Chiecalciferol). Verzehrempfehlung: 1 Portion mit Wasser (50 g) (2 gehäufte Messlöffel) enhält 195 kcal (823 Be Anrühren in 250 ml Milch statt mit Wasser erhöht sich der Brennwert Je nach Bedarf empfehlen wir über den Tag hinweg 2-5 Portionen. der Portion von 195 kcal um 159 kcal je Portion auf insgesamt 354 kcal. Lagerung: Trocken War vor W Lai einer Tempera",,,,,,,,,PENDING
00001100,Cigarettes Fourrées Chocolat Noisettes,"Fourrage chocolat noisette 55% (chocolat en poudre 44.5%* (sucre, cacao en poudre), graisses de coprah et de palmiste, sucre,_noisette_7,5%';, _lait_écrémé en poudre, émulsifiant : lécithines (_soja_), arôme), farine de blé, sucre, fructose,_lait_écrémé en poudre, graisse de coprah, colorant: caramel ordinaire, émulsifiant: lécithines (_soja_), sel.  *exprimés sur le fourrage équivalent respectivement à 24,4% et 4,1% sur l'ensemble du produit.","en:gluten,en:milk,en:nuts,en:soybeans",,"E150a - Plain caramel,E322 - Lecithins",,,,,,PENDING
00001101,Organic Goat Feed - Mash,"Maida, sugar, edible veg fat, salt,milk solids, yeast, vanilla powder, improvers",,,,,,,,,PENDING
0000111103201,Isalean,"Whey protein concentrate (milk), milk protein concentrate, isomaltooligosaccharides, skim milk powder, fructose, sunflower oil powder (milk), cocoa powder, olive oil powder, maltodextrin, flaxseed powder, thickener (xanthan gum), natural flavours, medium-chain triglyceride oil powder, calcium phosphate, magnesium oxide, sweetener (steviol glycosides), alfalfa juice concentrate, inulin, rice amino acid, emulsifier (soy lecithin), anti-caking agent (silicon dioxide), magnesium stearate, sea salt, lactase powder, invertase powder, lipase powder, psyllium seed powder, vitamin C (ascorbic acid), vitamin A (beta carotene), zinc oxide, vitamin E (d-alpha-tocopheryl acid succinate), nicotinamide, lactobacillus acidophilus, vitamin D3 (cholecalciferol), vitamin B6 (pyridoxine hydrochloride), vitamin B5 (calcium pantothenate), vitamin B2 (riboflavin), vitamin B1 (thiamin hydrochloride), folic acid, potassium iodide, sodium selenite, vitamin B7 (biotin), vitamin B12 (cyanocobalamin)",en:milk,,"Amino acids,E322 - Lecithins,E322i - Lecithin,E415 - Xanthan gum,E551 - Silicon dioxide,E572 - Magnesium stearate,E960 - Steviol glycosides,Potassium iodide",,,,,,PENDING
00001112,"Enjoy Life Protein Bites, Soy free, Nut free, Gluten free, Dairy free, Non GMO, Vegan, Cranberry Orange","Chocolate (Cane Sugar, Unsweetened Chocolate, Cocoa Butter), Roasted and Salted Pumpkin Seeds (Pumpkin Seeds, Safflower Oil, Salt), Rice Protein, Organic Invert Syrup (Organic Cane Sugar, Water), Palm Shortening, Organic Cane Sugar, Chia Seeds, Cocoa Powder, Natural Flavors, Dried Cranberries (Cranberries, Sugar, Sunflower Oil), Candied Orange Peel (Orange Peel, Sugar, Safflower Oil, Ascorbic Acid, Citric Acid), Vanilla Extract.",,,E330 - Citric acid,,,,,,PENDING
00000486,Hydrolyzed Multi Collagen,"Suggested Use: Mix, shake, or blend 1 scoop with 8 oz. of your favorite beverage. For best results use daily To cd water without clumping, mix with room temperature water first and then add ice. Supplement Facts TYPICAL COLLAGEN PEPT Servings Per Container: 45 Calories Protein Serving Size Scoop (Approx. 10 g) AMINO ACID PROFILE Amount Per Serving %DV Alanine 784 mg Leucine 40 Arginine 706 mg Lysine 9g Aspartic Acid 552 mg Methionine 100% Hydrolyzed Multi Collagen 20 mg 1% Glutamic Acid 970 mg Phenylalanine 10 g 1258 Glycine 2,160 mg Proline Histidine!! 60 mg Serine 91 Contains: egg fish. Hydroxylysine Bovine Collagen Peptides, Chicken Collagen Peptides, Marine Collagen Peptides, Eggshell Membrane Collagen Peptides Daily Value (DV) not established. Celly Manufactured for: Doctor's Recipes (800) 487-6849 www.DoctorsRecipes.com  Sun Lakes, AZ 85248 10 grams per scoop is an average. Individual scooping Yeout side is packaged by weight, not by volume. may yeld slightly less or slightly more than 10 of comments occurs over time and cannot be avoided. color, texture, flavor, solubility, and other traits Moda High Levels of EAAS No Lumps Dissolves Easily in or Clumps Hot or Cold Liquids 107 mg Threonine Hydroxyproline 1,075 mg Tyrosine Isoleucine 125 mg Valine Essential amino acids 11 Contains 8 of 9 essential amino acids A Average milligrams per serving abra ENJOY IN YOUR FAVORITE RE Mix Shake FOR BEST MIXING RESULTS Shake container to mix A Add powder to cup beve d Pour liquid on top of p",,,,,,,,,PENDING
00000721,biscuits cuillers,"Sucre, œufs frais (34%), farine de blé, sirop de sucre inverti, stabilisant glycérol, arôme, sel, acidifiant tartrates de potassium, épaississant : gomme xanthane.","en:eggs,en:gluten",,"E336 - Potassium tartrates,E415 - Xanthan gum,E422 - Glycerol",,,,,,PENDING
00000751,Multi Collagen Protein,"Egg, Fish (Salmon & Mackerel).","en:eggs,en:fish",,,,,,,,PENDING
00000996,Alfajor Dulce de leche,"Dulce de leche, harina de trigo enriquecida según ley 25630 (harina de trigo, hierro, ácido fólico, tiamina, riboflavina, niacina),, azúcar, margarina vegetal, huevo, agua, jarabe de maíz de alta fructosa, aromatizante (vainillina)","en:eggs,en:gluten",,,,,,,,PENDING
0000103227563,,"103 22 7 563* 020321EU Servings per Container: 60 Porciones por Caja: 60 Isomaltulose/Isomaltulosa Taurine/Taurina L-Glutamine/L-Glutamina Green Tea/Té verde Caffeine/Cafeína L-Arginine/L-Arginina Yerba Mate/Hierba Maté Caffeine/Cafeína Guarana/Guaraná Caffeine/Cafeína Colostrum/Calostro Egg Yolk/Yema de huevo Per Serving (2,5 g)/ Por Porción (2,5 g) 660 mg 250 mg *RI: Reference Intakes **VRN: Valores de Referencia de Nutrientes 250 mg 150 mg 15 mg 100 mg 75 mg 22,5 mg 30 mg 15 mg 17,5 mg 7,5 mg % RI* % VRN**",,,,,,,,,PENDING
0000105748562,,"Tomatoes (46%), Pasta Shapes (45%, Water, Durum Wheat Semolina), Water, Sugar, Modified Cornflour, Salt, Acid-Citric Acid, Spice, Garlic Salt, Onion Extract, Spice Extract, Iron Sulphate, Vitamin D. May contain Egg.",,,E330 - Citric acid,,,,,,PENDING
00001098,Goman Kanelbolle med Smør 85g,"Hvetemel, melk, perlesukker, sukker, smør 7 %, vann, brunt sukker, gjær, margarin (rapsolje, vann, emulgator (E 471, raps), salt, vitamin A, vitamin D), egg, tørket surdeig av hvete, semulegryn, malt av hvete, kanel 0,5 %, salt, modifisert maisstivelse, kardemomme, kasein (melk), stabilisator (E 450), aroma ( vanilin), fullherdet rapsolje, melbehandlingsmiddel (E 300).",,,"E300 - Ascorbic acid,E450 - Diphosphates,E471 - Mono- and diglycerides of fatty acids",,,,,,PENDING
0000112301878,pot au feu de légumes aux aromates,"es laisirs % des R.&quot; par NGREDIENTS eau, légumes 27 % (carotte, navet, poireau, pomme de terre, chou vert, céleri, oignon), viande de boeuf cuite 2,2 %, amidon transformé de pomme de terre, sel, arômes (contient : lait, céleri, huile de colza, girofle en poudre, exhausteur de goût: glutamate de sodium, extraits naturels de thym, de laurier et de poivre. Peut contenir des traces de blé et oeuf 3% 3% 1% 3% 3% | | 7% 31% dulte",,,"E14XX - Modified Starch,E621 - Monosodium glutamate",,,,,,PENDING
0000112302581,Délice de 10 Légumes,"Eau, légumes 39 % (carotte, pomme de terre, purée de tomates reconstituée, oignon, poireau, potiron, céleri, petit pois, navet, chou-fleur), lait écrémé reconstitué, amidon modifié, huile de colza, sucre, beurre de Cuisine, sel, arôme. Peut contenir des traces de blé et œuf.",,,E14XX - Modified Starch,,,,,,PENDING
0000112302621,Potiron et vermicelles,"eau, légumes 30% (potiron 17%, carotte, jus de tomates à base de concentré, pomme de terre, oignon), _vermicelles_ cuits 8% (semoule de _blé_, _blanc d'œuf_, amidon transformé de maïs, _crème fraîche_, sel, sucre, arômes (contient du _lait_)","en:eggs,en:gluten,en:milk",,E14XX - Modified Starch,,,,,,PENDING
0000112302636,petit pois carottes et Kiri,"eau, légumes 33 % (oignon, petits pois 9,9 %, carottes 8,6 %, panais), fromage blanc fondu Kiri® 3,1% (fromage blanc, crème, protéines de lait, sels de fonte : polyphosphates, phosphates et citrates de sodium, acide citrique, sel), amidon transformé de mais, crème fraiche, sel, arômes. Peut contenir des traces de céleri, ble et oeuf.",,,"E14XX - Modified Starch,E330 - Citric acid,E452 - Polyphosphates",,,,,,PENDING
0000112302650,Délice de potiron châtaigne,"eau, légumes 43 % (potiron 26%, pomme de terre, carotte, jus de tomates à base de concentré), châtaignes 2,8%, crème, amidon transformé de maïs, sel, sucre, arômes (contient: lait) Peut contenir des traces de céleri, blé et oeuf.",,,E14XX - Modified Starch,,,,,,PENDING
0000112302656,Lié big purSoup mouliné de 10 Légumes,"légumes 55 % (pomme de terre, carotte, oignon, céleri-rave, chou-fleur, poireau, jus de tomates à base de concentré, panais, courgette, cerfeuil), eau, sel, huile de colza, beurre de cuisine, arômes. Peut contenir des traces de blé et oeuf.",,,,,,,,,PENDING
0000112302660,Soupe potiron et kiri,"eau, légumes 36 % (potiron 18 %, carotte, oignon, pomme de terre, purée de tomates à base de concentré), fromage blanc fondu Kiri® 3,1 % (fromage blanc, crème, protéines de lait, sels de fonte : polyphosphates, phosphates et citrates de sodium, acide citrique, sel, amidon transformé de maïs, crème, sel, sucre, arômes, exhausteur de goût: glutamate de sodium, lait écrémé. Peut contenir des traces de céleri, blé et oeuf.",,,"E14XX - Modified Starch,E330 - Citric acid,E452 - Polyphosphates,E621 - Monosodium glutamate",,,,,,PENDING
0000112302669,Gaspacho à l'andalouse,"jus de tomates à base de concentré 33 %, eau, concombre 15 %, poivron rouge 14 %, oignon 5 %, huile d'olive vierge extra 1,2%, vinaigre de vin, sel, ail, sucre, jus concentré de citron, arôme, piment de Cayenne, lait écrémé en poudre.  Peut contenir des traces de 28% céleri, blé (gluten) et oeuf.",en:gluten,,,,,,,,PENDING
0000112302676,Velouté de légumes du soleil,"Légumes*76% (jusdetomates* àbasede concentre53%,carotte "",courgette"" 5,9%, oignon',pommedeterre,poivronrouge 2,1%,haricot vert* ),eau, huiled'olive viergeextra 1,5%,amidon de mais"" ,sel de mer,extrait de levure, ail"",arômesnaturels depoivre, thym,laurier etautres aromes naturels,crème enpoudre. issusdel'agriculture biologique. Peut contenir des traces de céleri, blé(gluten) et oeuf. 1 Le","en:eggs,en:gluten",,,,,,,,PENDING
0000112302683,,"eau, potiron 21%, pomme de terre, oignon, jus de tomates à base de concentré, crème, champignons de Paris, amidon transformé de maïs beurre de cuisine, girolles 1,1%, sel, sucre, arômes (contient lait), persil; ail. Peut contenir des traces de céleri, blé (gluten) et oeuf.",en:gluten,,E14XX - Modified Starch,,,,,,PENDING
0000112302688,,"eau, pomme de terre 15%, oignon 6,6%, lait écrémé reconstitué, amidon transformé de mais, poudre de fromage 1,5%, lardons fumés 1,2% (porc, eau, sel), huile de colza, sel, arômes (contient lait), extraits naturels d'épices. Peut contenir des traces de céleri, de blé (gluten) et d'oeuf.",en:gluten,,E14XX - Modified Starch,,,,,,PENDING
0000112302689,Potiron et j’irai,"4% eau, potiron 19%, carotte, oignon, fromage blanc fondu Kiri 3,1% (fromage blanc, crème, protéines de lait, sels de fonte: polyphosphates phosphates et citrates de sodium, acide citrique, sel, pomme de terre, jus de tomates à base de concentré, amidon transformé de maïs, crème, sel, arômes (contient : lait), lait écrémé en poudre. Peut contenir des traces de céleri, blé et oeuf.",,,"E14XX - Modified Starch,E330 - Citric acid,E331 - Sodium citrates,E452 - Polyphosphates",,,,,,PENDING
0000112302711,Velouté de tomates,"Jus de tomate à base de concentré 65%, eau, amidon de mais, sucre, lait écrémé en poudre, sel, beurre de cuisine, huile de colza, arômes naturels (contient lait), jus de citron concentré. Peut contenir des traces de céleri, blé (gluten)et œuf. 1Le AN NOINN *Conformément à",en:gluten,,,,,,,,PENDING
0000112302754,pur soup' mouliné de 5 légumes verts,"Eau, pomme de terre, courgette, poireau, brocoli, haricot vert, oignon, céleri-rave, épinard, carotte, crème fraiche, amidon de maïs, sel. Contient 29% de légumes verts. Peut contenir des traces de blé (gluten) et oeuf.","en:celery,en:gluten,en:milk,en:none",,,,,,,,PENDING
0000112307261,Velouté de 10 légumes,"Céleris Eau, jus de tomate à base de concentré, pomme de terre, carotte, oignon, poireau, potiron, amidon de mais, céleri, huile de colza, lait écrêmé, beurre de cuisine, sel, petit pois, chou-fleur,navet, arômes naturels (contient lait). Peut contenir des traces de blé (gluten) et œuf. Petitspois Navets 1Le Potiron",en:gluten,,,,,,,,PENDING
0000112307267,Mouliné de Légumes Verts,"Eau,pomme de terre³,courgette³ , poireau³, haricot vert³, oignon³, céleri-rave³, brocoli³, carotte³, épinard³, amidon de mais³, crème³, sel de mer,arôme naturel. Contient 24% de légumes verts. ³Issus de l'agriculture biologique. Peut contenir des traces de blé (gluten) et œuf.",en:gluten,,,,,,,,PENDING
0000112407489,Mouliné de 10 légumes,"Légumes 55% (pomme de terre, carotte, oignon, céleri-rave, chou-fleur, poireau, jus de tomates à base de concentré, panais, courgette, cerfeuil), eau, sel, huile de colza, beurre de cuisine, arômes. Peut contenir des traces de blé (gluten) et œuf.",en:gluten,,,,,,,,PENDING
0000112407490,,"Eau, pomme de terre 17%, poireau 16%, _crème_ fraiche 3%, _lait_ écrémé reconstitué, amidon transformé de maïs, huile de colza, extrait naturel d'oignon, épinard, sel, arômes (contient _lait_)","en:celery,en:eggs,en:gluten",,E14XX - Modified Starch,,,,,,PENDING
0000112407493,velouté de potiron,"Eau, potiron 35%, oignon, pomme de terre, carotte, jus de tomates à base de concentré, crème fraiche 1,7%, amidon transformé de maïs, sel, beurre de cuisine, arômes (contient lait). Peut contenir des traces de céleri, blé (gluten) et oeuf.",en:gluten,,E14XX - Modified Starch,,,,,,PENDING
0000112407504,mouliné  légumes d'autrefois,"Eau, légumes 46% (pomme de terre topinambour 14%, carotte, panais 5,2%, chou-rave 4,9%, chou-fleur), amidon transformé de mais, crème, sel, beurre de cuisine, arômes (contient lait) Peut contenir des traces de céleri, blé (gluten) et oeuf",en:gluten,,E14XX - Modified Starch,,,,,,PENDING
0000112407510,velouté de cresson.,"Eau,pomme de terre 18%, cresson de jardin 4,8%,crème fraîche 2,2%, oignon,amidons transformé de maïs, petits pois, sel,arômes ( contient lait) extrait naturel de poivre. peut contenir des traces de céleri, blé ( gluten ) et œuf.","en:gluten,en:milk",,E14XX - Modified Starch,,,,,,PENDING
00001199,Solène céréales poulet,"antioxydant : érythorbate de sodium, colorant : caramel - origine UE), tomate 33,3%, MAYONNAISE 11,1% (huile de colza 78,9%, eau, jaunes d'OEUF 6%, vinaigre, MOUTARDE [eau, graines de MOUTARDE, sel, vinaigre, curcuma], sel, dextrose, stabilisateur : gomme de cellulose, conservateur : sorbate de potassium, colorant : ?-carotène, arôme)","en:eggs,en:mustard",,"E150 - Caramel,E160a - Carotene,E202 - Potassium sorbate,E316 - Sodium erythorbate,E466 - Sodium carboxy methyl cellulose",,,,,,PENDING
00001233,Coop Croissant Naturell 60g,"Hvetemel, smør (fløte (melk), melkesyrebakterier), vann, sukker, gjær, salt, egg, hvetegluten, enzym, melbehandlingsmiddel (E 300).",,,E300 - Ascorbic acid,,,,,,PENDING
00001238,Spaghetti in Käse-Sahne-Sauce,"Hvetemel, smør (fløte (melk), melkesyrebakterier), fyll (sukker, vegetabilsk olje og fett (raps, shea, kokos), hasselnøtt, fettredusert kakaopulver, skummet melk, vegetabilsk emulgator (soyalecitin), aroma (vanilin)), vann, gjær sukker, dekor (kakaomasse, sukker, kakaosmør, melkefett, vegetabilsk emulgator (E 322 (soyalecitin)) egg, salt, hvetegluten, enzym, melbehandlingsmiddel (E 300).",,,"E300 - Ascorbic acid,E322 - Lecithins",,,,,,PENDING
00001240,Coop Croissant med Sjokolade 85g,"Hvetemel, smør (fløte (melk), melkesyrebakterier), fyll (sukker, vegetabilsk olje og fett (raps, shea, kokos), hasselnøtt, fettredusert kakaopulver, skummet melk, vegetabilsk emulgator (soyalecitin), aroma (vanilin)), vann, gjær sukker, dekor (kakaomasse, sukker, kakaosmør, melkefett, vegetabilsk emulgator (E 322 (soyalecitin)) egg, salt, hvetegluten, enzym, melbehandlingsmiddel (E 300)",,,"E300 - Ascorbic acid,E322 - Lecithins",,,,,,PENDING
00001249,Croissant Naturel 60g,"Hvetemel, smør (fløte (melk), melkesyrebakterier), vann, sukker, gjær, salt, egg, hvetegluten, enzym, melbehandlingsmiddel (E 300).",en:eggs,,E300 - Ascorbic acid,,,,,,PENDING
00001253,Coop Smultringer 43g,"Hvetemel, sukker, egg, vann, fløte, vegetabilsk olje (soyaolje, palmeolje, kokosolje, palmestearin, rapsolje),  mysepulver, syrnet kjernemelkpulver, skummet tørrmelk, yoghurtaroma, melkesyrepulver, konserveringsmiddel (E 1520, E 281), bakepulver, hornsalt, kardemomme, aroma, emulgator (E 471), surhetsregulerende middel (E 331).",,,"E1520 - Propylene Glycol,E281 - Sodium propionate,E331 - Sodium citrates,E471 - Mono- and diglycerides of fatty acids",,,,,,PENDING
0000137007224,Croissant pure beurre X2,"Farine de BLE, eau, beurre (LAIT) 22%, sucre, levure, gluten de BLE, sel, œuf, agent de traitement de la farine: acide ascorbique, enzymes, poudre de crème (LAIT), levain d'EPEAUTRE, farine de BLE malté, malt d ORGE.",en:milk,,E300 - Ascorbic acid,,,,,,PENDING
0000138009470,,"SERVINGS For best before date: see side of pack. Store in a cool, dry place away from strong light. To retain freshness once opened, reseal bag with clip. Once opened use within 3 days. For best quality, freeze as soon as possible after purchase and always within the best before date Once frozen consume within 1 month. Once defrosted use the same day Great to know Nutrition Typical values per 100g per roll Energy k Energy kcal 8 Butter brioche rolls Fat of which - saturates Fibre Protein Salt 1527 363 12.1g 5.19 2.0g 55.0g mono-unsaturates 5.0g - polyunsaturates Carbohydrate of which - sugars - starch 13.5g 41.6g 534 127 4.29 1.8q 1.8q 0.7g 19.3g 4.79 14.6g % adult RI per roll 0.79 6% 6% 9% 7% 5% adult RI 8400 2000 70g 5% 5% 1.9g 7.6g 2.7g 0.85g 0.30g RI-Reference Intakes of an average adult (8400kJ/2000kcal) 20g 260g Our ingredients Wheat Flour, Water, Pasteurised Barn Egg, Sugar, Concentrated Butter (Cows' Milk) (4.5%), Rapeseed Oil, Skimmed Cows' Milk Powder, Emulsifier: Mono - and Diglycerides of Fatty Acids; Yeast, Salt, Flavouring, Colour: Carotenes; Acerola Extract. 90g 50g 6g containing gluten, see ingredients in bold. Also, not suitable for customers with an allergy to nuts or rye due to manufacturing methods. 280 Great for all c rings and Don't yde RECYCLE WITH LARGE SUPERMARKE We're sure Try me! this produc don't, simp for a full ref Or, call our careline 0900 638 Your statutory rights are not Packed in France for Sainsbur Supermarkets Ltd, London, E and Sainsbury's Supermarken Upper Galwally, Belfast, BTS Want to find out sainsburys.com",,,"E160a - Carotene,E471 - Mono- and diglycerides of fatty acids",,,,,,PENDING
00001427,Raisin Walnut Apple Bar,"Nutrition Facts 8 servings per container serving size 1 bar (71g) unt per serving lories 200 % Daily Value* 25g 3% ed Fat 0g 0% 0g 1 0mg 0% 5% drate 35g 13% 5g 18% 6g ag Added Sugars 0%  UNBLEACHED HIGH GLUTEN ENRICHED FLOUR (WHEAT FLOUR, MALTED BARLEY FLOUR, NIACIN, REDUCED IRON, THIAMINE MONONITRATE, RIBOFLAVIN, FOLIC ACID), WATER, RAISINS, WHEAT BRAN, VITAL WHEAT GLUTEN, WHOLE WHEAT FLOUR, WALNUTS, DRIED APPLES, DATE PASTE, HONEY, YEAST, CINNAMON, SALT, GUAR GUM, MONOCALCIUM PHOSPHATE CONTAINS WHEAT, WALNUT MAY CONTAIN EGG, SOY, SESAME DIST ,  SOLD EXCLUSIVELY BY: TRADER JOE'S, MONROVIA, CA 91016 0% 4% 15% 2% ng lue (DV) tells you how much a nutrient at food contributes to a daily diet 2,000 day is used for general nutrition advice SKU# 000142 '0000&quot;1427 TRADEX JOES Raisin Matest hate",,,E412 - Guar gum,,,,,,PENDING
0000166654555,skillet,"red skin potatoes, apples (apples, contains 2% or less of: water, ascorbic acid, citric ack, salt), water, honey granola (whole grain oats, brown sugar, soybean oil, honey, natural flavors), scrambled eggs (whole eggs, nonfat milk, skim milk, soybean oil, corn starch, food starch modified, sat, xanthan gum, citric acid, butter flavoring (maltodextrin, natural butter flavor, annatto, turmeric (color), white pepper), taco filling (beef, water, textured vegetable protein (soy flour, caramel color], seasoning (spices, salt, dehydrated onions, sugar, dried vinegar, flavoring], textured soy protein concentrate), cheddar cheese (pasteurized milk, cheese cultures, salt, enzymes, color added (annatto), natamycin (a natural mold inhibitor]), tomatoes (tomatoes, citric acid), dried cranberries (cranberries, sucrose, sunflower oil), applesauce (apples, water, cultured sugar), contains 2% or less of: brown sugar, lemon juice (filtered water, lemon juice concentrate, sodium bisulfite (preservative]. sodium benzoate (preservative], lemon oil), chicken broth (water, chicken base [roasted chicken, sugar, chicken fat, tapioca dextrin, hydrolyzed corn protein, onion powder, potassium chloride, yeast extract, garlic powder, maltodextrin, disodium inosinate, disodium guanylate, salt, turmeric {color}, natural flavors, lactic acid, calcium lactate]), canola oil, maltodextrin, food starch-modified, nutrient blend (magnesium citrate, calcium citrate, maltodextrin, ascorbic acid [vitamin c], contains 1% or less of ferrous fumarate, zinc oxide, pyridoxine hci [vitamin b6], thiamine mononitrate [vitamin b1]), tomato paste (tomato, citric acid), cultured dextrose, chili powder (spices, salt, garlic powder), dehydrated garlic, lime juice powder (ip maltodextrin, lime juice solids), cinnamon, xanthan gum, guar gum, cumin, iodized saft, dehydrated onion, nutmeg, jalapeno pepper. contains: soy, milk, egg. total fat 11 g saturated fat trans fat 0 cholesterol 4 sodium 280 total carboh dietary fibe total sugar includes 11 protein 11 vitamin d o",,,"E1400 - Dextrin,E150c - Ammonia caramel,E160b - Annatto,E211 - Sodium benzoate,E222 - Sodium bisulphite,E235 - Natamycin,E270 - Lactic acid,E327 - Calcium lactate,E330 - Citric acid,E412 - Guar gum,E415 - Xanthan gum,E627 - Disodium guanylate,E631 - Disodium inosinate",,,,,,PENDING
00001802,petit dej Chococroustill,"céréales 52,7%(farine de blé 41,4%, flocons d'avoine 4,5%, farine d'orge 2,2%, farine de seigle 2%,farine d'epautre 1,3%,son de blé)sucre, matière grasse composé (huile de colza, beurre concentré), pépites de chocolat noir 10%,(sucre, pâte et beurre de cacao,cacao maigre en poudre, émulsifiant : lécithine (tournesol), arôme,œuf frais, beurre pâtissier billes de céréales biscuité 5%(farine de blé, sucre, malt de blé, amidon de blé, poudre à lever: carbonates de sodium, sel, beurre de cacao, arôme naturel de vanille),lait écrémé en poudre,farine de sarrasin 1,3%, poudre à lever : carbonates d'ammonium, carbonates de sodium,diphosphate(blé),malt d'orge, arôme,,sel, émulsifiant : lécithine de soja.",,,"E322 - Lecithins,E322i - Lecithin,E450 - Diphosphates,E500 - Sodium carbonates,E503 - Ammonium carbonates",,,,,,PENDING
0000182602460,Isabar,"Mezcla de proteína (proteína de suero aislada, concentrado de proteína de suero de leche, caseínato de calcio, caseína, suero), azúcar, jarabe de arroz, fructosa, cacao (procesado con ácali), aceite de girasol de altamente oleico, harina de arroz. aceite de semilla de palma fraccionado,5 jarabe de maltitol. ao, almidón de tapioca, fibra de raíz de achicoria, sabores m» (chocolate, vainilla y extracto de vainilla), maltodextrina, cacao sr1— azúcar, cacao, lecitina de soya, glicerina, leche sin grasa, mezcla exclusiva (polvo de raíz de astrágalo, extracto de fruto de acai.  y extracto de bayas de goji), carbonato de calcio, sal, grasa de mantequilla, carragenano, tocoferoles (para proteger el sabor)  Contiene arroz, leche y soya, si es alérgico no consumir. Producido en equipo que también procesa cacahuates, nueces, huevos, trigo,  avena, cebada y sésamo.","en:eggs,en:gluten,en:milk,en:nuts,en:soybeans,es:Arroz",,"E307 - Alpha-tocopherol,E322 - Lecithins,E322i - Lecithin,E407 - Carrageenan,E422 - Glycerol",,,,,,PENDING
00002155,Madeleines Bijou,"Farine de_blé_, chocolat au_lait_18% (sucre, beurre de cacao, poudre de_lait_entier, pâte de cacao, émulsifiant : lécithines (_soja_), arômes), huile de colza, _œufs_ frais 14%, sucre, poudre de _noisette_6%, sirop de glucose-fructose, stabilisant : glycérol, poudres à lever : carbonates d'ammonium - carbonates de sodium - diphosphates (_blé_), arôme, émulsifiants : mono et diglycérides d'acides gras, sel,_lait_écrémé en poudre.","en:eggs,en:gluten,en:milk,en:nuts,en:soybeans",,"E322 - Lecithins,E422 - Glycerol,E450 - Diphosphates,E471 - Mono- and diglycerides of fatty acids,E500 - Sodium carbonates,E503 - Ammonium carbonates",,,,,,PENDING
0000221608851,Mr Kipling 6 chocolate and caramel Bakewell tarts,"Wheat Flour, Sugar, Vegetable Oils, Glucose Syrup, Caramel Sauce 9% (Glucose Syrup, Sweetened Condensed Milk (Milk, Sugar), Water, Humectant (Vegetable Glycerine), Unsalted Butter (Milk), Sugar, Dextrose, Fructose, Gelling Agent (Pectin), Salt, Acidity Regulator (Sodium Citrates), Flavouring), Water, Icing Sugar, Cacao Nibs 1%, Humectant (Vegetable Glycerine), Ground Rice, Whey Powder (Milk), Skimmed Milk Powder, Fat Reduced Cocoa Powder 0.6%, Dried Egg White, Barley Malt Extract, Salt, Dextrose, Emulsifiers (Sorbitan Monostearate, Polysorbate 60), Raising Agents (Disodium Diphosphate, Sodium Bicarbonate), Preservatives (Potassium Sorbate, Sulphur Dioxide (Sulphites)), Flavouring (Sulphites). CONTAINS: WHEAT, GLUTEN, MILK, EGG, SULPHITES. MAY CONTAIN TREE NUTS. N N N M W B CO C 0 Be Fo Ca C AL ap Pr D&D W","en:milk,en:sulphur-dioxide-and-sulphites",,"E202 - Potassium sorbate,E220 - Sulphur dioxide,E331 - Sodium citrates,E422 - Glycerol,E435 - Polyoxyethylene sorbitan monostearate,E440 - Pectins,E450 - Diphosphates,E450i - Disodium diphosphate,E491 - Sorbitan monostearate,E500 - Sodium carbonates,E500ii - Sodium hydrogen carbonate",,,,,,PENDING
00002229,Phat Crumbs,"almond flour, egg whites, soluble tapioca fiber, salt, black pepper, rosemary, garlic, onion, xanthan gum, rosemary extract",,,"E392 - Extracts of rosemary,E415 - Xanthan gum",,,,,,PENDING
0000242305404,Teig-Mix Pfannkuchen,"ort kopfüber ca. 1 Min. kräftig teln, etl. die Flasche am enboden zusammendrücken, so dass er Teig-Mix vom Boden löst. Den en Teig ca. 2-3 Min. stehen lassen. Pfannkuchen 1/2 TL Margarine in beschichteten Pfanne erhitzen. ochmals kurz schütteln und nsweise in die Pfanne gießen. kuchen bei mittlerer Hitze von n Seiten goldgelb backen. ubereiteten Teig umgehend auchen. ärme schützen und trocken lagern. Track, Süße Trockenfertiggerichte, ,Deutschland, MAT bis KW26/2021. : WEIZENMEHL Glukosesirup, EIPULVER, EIGELBPULVER, Fruktose, jodiertes Speisesalź Kann andere glutenhaltige g pro Portion %* pro (ca. 120 g) Portion 10 % 823 kJ 205 kcal 3,6 g 5 % 1,4g 9 6,1 g 1,49 7,1g 0,52 9 7% Getreide, Milch, Soja 36 14 und Nüsse enthalten. 14 % 9 % 9 inen durchschnittlichen kcal) S Pfannkuchen). 198ge eckel entsorgen. schland","en:eggs,en:gluten,en:milk",,,,,,,,PENDING
00002601,Proteinbar with lemon flavour,"concentré de protéines de lait (caséine de calcium (contient du lait), protéines de lactosérum, caséine de sodium (contient du lait), protéines de lait), sirop de glucose, enrobage au chocolat au lait (17%) (sucre, poudre de lait, beurre de cacao, pâte de cacao, émulsifiant (lécithine de soja), arôme), sirop de fructose, huile de palme, gélatine, dextrose, arômes, correcteur d'acidité (acide citrique), blanc d'oeuf déshydraté, DL-alpha-tocophérol, nicotinamide, D-pantothénate de calcium, chlorhydrate de thiamine, chlorhydrate de pyridoxine, riboflavine, cyanocobalamine.","en:eggs,en:milk,en:soybeans",,"E322 - Lecithins,E322i - Lecithin,E330 - Citric acid,E428 - Gelatine",,,,,,PENDING
0000260814065,Gluten free multigrain bread,"WATER, STARCH AND FLOUR BLEND (MODIFIED TAPIOCA STARCH, BROWN RICE FLOUR, RICE STARCH, MODIFIED CELLULOSE, GUAR GUM), CANE SUGAR, WHOLE GRAIN SORGHUM FLOUR, FLOUR BLEND (WHOLE GRAIN SORGHUM FLOUR, AMARANTH FLOUR, MILLET FLOUR, TEFF FLOUR), YEAST, CANOLA OIL, DRIED EGG WHITES, CONTAINS 2% OR LESS OF WHOLE GRAIN ROLLED OATS, MILLET FLOUR, PSYLLIUM HUSK POWDER SPROUTED FLOUR BLEND (MILLET FLOUR, BROWN RICE FLOUR, AMARANTH FLOUR, OAT FLOUR), SALT, INVERT SUGAR SYRUP, MOLASSES, CULTURED BROWN RICE (TO PRESERVE), BROWN RICE.",en:eggs,,"E412 - Guar gum,E460 - Cellulose",,,,,,PENDING
00000026,The Smartest Cookie,"beef, seasoning (sugar, garlic, onion, salt, spices), soy sauce (water, wheat, soybeans, salt), water, liquid smoke, sodium nitrite",,,E250 - Sodium nitrite,,,,,,PENDING
00000050,Thermo complete,"tions melles microcristalline), extrait de thé vert (Camellia sinensis), amidon de mais, rinés % VNR* extrait de cacao (Theobroma cacao), ng.... 50 % extrait de yerba maté (llex paraguariensis), poudre de caféine, poudre de cannelle Bmng Cinnamomum verum), anti-agglomérants ng (dioxyde de silicium, acides gras, mg carboxyméthylcellulose de sodium, sels ing ing de magnésium d'acides gras), poudre ng de céleri (Apium graveolens), poudre ing de persil (Petroselinum crispum), acide L-ascorbique, poudre de luzerne (Medicago sativa), poudre de fenouil (Foeniculum vulgare), enrobage du comprimé lagent d'enrobage (carboxyméthylcellulose de sodium), dextrine, dextrose, émulsifiant ing Amg 2mg ste derencelécithine de soja)l, poudre de réglisse te dage (Glycyrrhiza glabra). Conseil : pour les relulose AFERIROPE LIMITED allergènes, voir les ingrédients en gras. ©2015 HERBALIFE LOO5OF R-05 SK Uo050",en:celery,,"E1400 - Dextrin,E466 - Sodium carboxy methyl cellulose,E551 - Silicon dioxide,E570 - Fatty acids",,,,,,PENDING
00000172,mélange vegan pour boisson proteinee,Isolat de proteïnes de soja,,,,,,,,,PENDING
00000184,Melody,"INGRÉDIENTS (3 gélules) : hydrolysats de collagène marin désodorisés (poisson) 900 mg, tunique d'origine végétale : hydroxypropylméthylcellulose, extrait de fruits d'acérola (Malpighia glabra) (240 mg) standardisée en vitamine C (60 mg, 75% des VNR*) (maltodextrine), D-alpha-tocophérol (Soja) (équivalent en vitamine E : 12 mg, 100% des VNR*), extrait de riz, B-carotène de Blakeslea trispora (0,72 mg de béta-carotène équivalent en vitamine A: 120 µg, 15% des VNR*). *Valeurs Nutrutionnels de Références. Origine végétale.","en:fish,en:soybeans",,E464 - Hydroxypropyl methyl cellulose,,,,,,PENDING
00000197,,"wheat flour, calcium, iron, niacin, b3, thiamin, b1, wholemeal wheat flour, water, yeast, salt, vinegar, e472e, e481, vegetable oils, rapeseed, sustainable palm, soya flour, calcium propionate, added to inhibit mould growth, ascorbic acid, vitamin c.",,,"E282 - Calcium propionate,E472e - Mono- and diacetyltartaric acid esters of mono- and diglycerides of fatty acids,E481 - Sodium stearoyl-2-lactylate",,,,,,PENDING
00000251,Coq10 200mg,"Coenzyme Q10 (Ubiquinone), Omega-3, Sunflower Lecithin, PQQ (Pyrroloquinoline Quinone), Black Pepper Extract, Organic Olive Oil, Gelatin, Glycerin, Purified Water",,,"E322 - Lecithins,E322i - Lecithin,E422 - Glycerol,E428 - Gelatine",,,,,,PENDING
00000302,Coq10 300mg,"Coenzyme Q10, Sunflower Lecithin, PQQ, Organic Olive Oil, Gelatin, Glycerin, Purified Water",,,"E322 - Lecithins,E322i - Lecithin,E422 - Glycerol,E428 - Gelatine",,,,,,PENDING
00000365,Coffret Vendôme T2,"Sunflower Seed Oil, Gelatin, Glycerin, Sunflower Lecithin Oil, Water, Beeswax, Alpha Tocopheryl Acetate, Riboflavin, Titanium Dioxide",,,"E171 - Titanium dioxide,E422 - Glycerol,E428 - Gelatine,E901 - White and yellow beeswax",,,,,,PENDING
00000680,Lomo ibérico de bellota,"enriched wheat flour (flour, malted alue barley flour, reduced iron, niacin, thiamin mononitrate owvitamin b1), riboflavin (vitamin b2), folic acidj, water, in whole wheat flour, sugar, yeast, wheat gluten, cellulose fiber, calcium sulfate, salt, soybean oil, preservatives (calcium propionate, sorbic acid), soy flour, monoglycerides, datem, citric acid, soy lecithin, vitamin d3, potassium iodate, grain vine - gar, monocalcium phosphate. contains wheat, soy. r17-212-202308 79423","en:gluten,en:soybeans",,"E200 - Sorbic acid,E282 - Calcium propionate,E322 - Lecithins,E322i - Lecithin,E330 - Citric acid,E341 - Calcium phosphates,E341i - Monocalcium phosphate,E472e - Mono- and diacetyltartaric acid esters of mono- and diglycerides of fatty acids",,,,,,PENDING
00000742,Assortiments de Tuiles et Palets gourmants au chocolat,"chocolat noir, lécithine de soja, éclats de noisettes, raisins, chocolat blanc...",,,"E322 - Lecithins,E322i - Lecithin",,,,,,PENDING
00000747,Organic Protein Powder Vanilla Bean Flavored,"5% Fat 0.5g 3% Og Omg 0% Omg 12% ohydrate 15g 5% Fiber less than 1g 0% ugars Og des Og Added Sugars 0% ritol 5g on taste is based on my belief that real foods can make a real difference. That passion fuels our mission to help people live vibrant lives through good, clean nutrition. IN GOOD HEALTH, Аганей Andrew Abraham, M.D. Founder, Cancer Survivor & Food Entrepreneur 21g 37% in D Omcg 0% um 70mg 6% 35% 2% P f 64mg assium 80mg Daily Value (DV) tells you how much a nutrient serving of food contributes to a daily diet. 2,000 ories a day is used for general nutrition advice. ORGAIN.COM See website for pro GREDIENTS: ORGAIN ORGANIC PROTEIN BLENDTM (ORGANIC PEA PROTEIN, ORGANIC BROWN RICE PROTE RGANIC CHIA SEED), ORGAIN ORGANIC CREAMER BASE TM (ORGANIC ACACIA, ORGANIC HIGH OLEIC ORGANIC ERYTHRITOL ORGANIC NATURAL FLAVORS, ORGANIC ACACIA, SEA SALT, ORGANIC REBA (STEVIA UNFLOWER OIL ORGANIC RICE DEXTRIN, ORGANIC SUNFLOWER LECITHIN, ORGANIC ROSEMARY EXTRACT EXTRACT), ORGANIC GUAR GUM, XANTHAN GUM, NATURAL FLAVOR.",,,"E1400 - Dextrin,E322 - Lecithins,E322i - Lecithin,E412 - Guar gum,E415 - Xanthan gum",,,,,,PENDING
00000839,Muesli,"Multictain Flakes (83.9%) [Rotted at 7%), Wheat Flakes (35%) (Wheat, lodised Salt, Malt Extract, Emulsifier (INS 322) & Antioxidant (INS 320) Corn Flakes (11.9%) (Corn Grits, lodised Salt, Malt Extract, Emulsifier (INS 322) & Antioxidant (INS 320)1, Apple Juice Concentrate (10%), Dried Fruits & Nuts (5%) [Sliced Almonds (2.5%), Raisins (2.5%)], Emulsifier (INS 322) Flavours [Artificial (Red Apple) & Natural flavouring substances] & Antioxidant (INS 320) STORAGE INSTRUCTIONS: 1. Not to be consumed if seal is broken 2. Secure lid tightly after every use 3. Store in dry place and away from heat and light. ALLERGEN: Contains Soy, Wheat, Oats, Barley & Nut","en:gluten,en:nuts,en:soybeans",,"E320 - Butylated hydroxyanisole (bha),E322 - Lecithins",,,,,,PENDING
00000987,,"Kashi sept grains entiers et mélange de sésame (entier: blé rouge dur, riz brun, orge, triticale, avoine, seigle, sarrasin, graines de sésame), flocons de soja, sirop de riz brun, sirop de canne séché, fibre de racine de chicorée, avoine à grains entiers, huile de canola pressée, miel, sel, cannelle, mélange concentré de tocophérols (vitamine E) pour la fraîcheur.","en:gluten,en:soybeans",,E307 - Alpha-tocopherol,,,,,,PENDING
00001004,Concha,"Hartweizengrieß, Frischei (10 %) * &quot;Eler aus Bodenhaltung Kann Spuren von Soja enthalten. Oko DX Ungekocht Energie DURCHSCHNITTLICHE MAHRWERTE pro 100g Fett",,,,,,,,,PENDING
0000101266509,Familjepack Schnitzel Frysta,"Water, breadcrumbs 24.5% (wheat flour, sugar, wheat protein, yeast, salt, vegetable oil (sunflower), spice extract (paprika, turmeric)), soy protein 14%, vegetable oil (rapeseed, sunflower), wheat flour, corn starch, vinegar, stabilizers (methylcellulose, guar gum), citrus fiber, natural flavors, salt, onion powder, garlic powder, acidity regulator (potassium hydroxide), sugar.",,,"E412 - Guar gum,E461 - Methyl cellulose,E525 - Potassium hydroxide",,,,,,PENDING
00001017,,"Hvetemel, vann, salt, rapsolje, sukker, gjær, hvetegluten, dekstrose, vegetabilsk emulgator (E 472e, E 471, E 322 solsikkelecitin), melbehandlingsmiddel (E 300).",,,"E300 - Ascorbic acid,E322 - Lecithins,E471 - Mono- and diglycerides of fatty acids,E472e - Mono- and diacetyltartaric acid esters of mono- and diglycerides of fatty acids",,,,,,PENDING
00001021,,"Hvetemel, vaniljekrem 13% (vann, sukker, modifisert stivelse, mysepulver, melkeprotein, kokosfett, fortykningmiddel (E401), aroma, farge (E160a)), vann, sukker, revet kokos 4%, rapsolje, hvetegluten, kardemomme, salt, gjær, emulgator (E472e, E471, E475, E322 solsikkelecithin), melbehandlingsmiddel (E 300), dekstrose, aroma.",,,"E160a - Carotene,E300 - Ascorbic acid,E322 - Lecithins,E401 - Sodium alginate,E471 - Mono- and diglycerides of fatty acids,E472e - Mono- and diacetyltartaric acid esters of mono- and diglycerides of fatty acids,E475 - Polyglycerol esters of fatty acids",,,,,,PENDING
00001024,Coop Fine Frokostbrød 90g,"Hvetemel, vann, rapsolje, salt, sukker, gjær, hvetegluten, vegetabilsk emulgator (E 472e, E 471, E 322 solsikkelecithin),  melbehandlingsmiddel (E 300),  dekstrose. Dekor: Valmuefrø",,,"E300 - Ascorbic acid,E322 - Lecithins,E471 - Mono- and diglycerides of fatty acids,E472e - Mono- and diacetyltartaric acid esters of mono- and diglycerides of fatty acids",,,,,,PENDING
0000103010104,Vita-antioxydant,"bwe ro/o ouumy et wh Supplement Facts Serving Size: 2 Tablets Servings Per Container: 56 Amount Per Serving Vitamin A (as 25% (516 mcg) % DV Amount Per Serving %DV 40 mg 1804 ug RAE 200 % | Mixed Tocopherols (D-gamma, D-delta, D-beta Tocopherol) InCelligence TM Complex Retinyl Acetate and 75% (2700 mcg) as Beta Carotene, Mixed Carotenoids) Vitamin C (as Poly C® blend: Potassium, 200 mg Calcium, Magnesium, and Zinc Ascorbates) Vitamin D3 (as Cholecalciferol) 50 mg 36 mg 222% Alpha Lipoic Acid Meriva Bioavailable Curcumin Complex (Curcuma longa L., root)* 25 ug 125% Vitamin E (as d-alpha-Tocopheryl Succinate)67 mg 447% Vitamin K (as K1 [Phytonadione] 240 ug, 270 ug 225% Extract 35 mg (Camellia sinensis hunt, leaves) Quercetin Dihydrate Rutin Hesperidin (Citrus spp. L., fruit) Resveratrol Olivol® (Olive Fruit Extract, Olea europaea L., fruit)** 30 mg 20 mg 20 mg 20 mg 15 mg 64 mg 6 mg and K2 [MK-7 Menaquinone] 30 ug) Thiamine (Vitamin B1) Riboflavin (Vitamin B2) Niacin (as Niacin and Niacinamide) Vitamin B6 (as Pyridoxine HCL) Folate (as 300 ug Folic Acid) Vitamin B12 (as Cyanocobalamin) 15 mg 1250% 15 mg 1154% 20 mg NE 125% 16 mg 941% 500 ug DFE 125% 100 ug 4167% | Inositol 150 ug 500% | Coenzyme Q10 Biotin Pantothenic Acid (as D-Calcium Pantothenate) 45 mg 900% 300 ug 500 ug Lutein (Tagetes erecta L., flower) Choline (as Choline Bitartrate) 51 mg 9% Lycopene t Daily Value (DV) not established Ouer oredients: Microcrystalline Cellulose, Modified Starch, Vegetable Fatty Acid, Croscarmallose Sodium ioodd Organic Maltodetrin, Vanilla Extract Organic Sunflower Lecithin. Organic Palm Clein oreame",,,"E14XX - Modified Starch,E161b - Lutein,E460 - Cellulose,E460i - Microcrystalline cellulose",,,,,,PENDING
00001077,Coop Fine Store Horn 240g,"Hvetemel, vann, salt, rapsolje, gjær, vegetabilsk emulgator (E472e, E471, E322 solsikkelecithin), hvetegluten, dekstrose, melbehandlingsmiddel (E 300). Dekor: Valmuefrø",,,"E300 - Ascorbic acid,E322 - Lecithins,E471 - Mono- and diglycerides of fatty acids,E472e - Mono- and diacetyltartaric acid esters of mono- and diglycerides of fatty acids",,,,,,PENDING
00001083,Coop Ostelandgang 120g,"Hvetemel, vann, gul ost (7,6%), salt, sukker, rapsolje, gjær, hvetegluten, dekstrose, vegetabilsk emulgator (E472e, E471, E322 solsikkelecithin), melbehandlingsmiddel (E 300).",,,"E300 - Ascorbic acid,E322 - Lecithins,E471 - Mono- and diglycerides of fatty acids,E472e - Mono- and diacetyltartaric acid esters of mono- and diglycerides of fatty acids",,,,,,PENDING
0000111111231,More Fresh 100% whole wheat bread,"MRP: Rs.55.00 (Rs.0.13 Per g) (Incl. Of all taxes) NET WT: 400 g Whole Wheat Flour, Sugar, Yeast, lodised Salt, Refined Palmolein Oil, Soya Flour, Emulsifier(INS 476,471 481(1) Preservative (INS 282), Antioxidant (INS 300), Improver (INS 1100), Acidity Regulator (INS 260)","en:gluten,en:soybeans",,"E1100 - Alpha-Amylase,E260 - Acetic acid,E282 - Calcium propionate,E300 - Ascorbic acid,E471 - Mono- and diglycerides of fatty acids,E476 - Polyglycerol polyricinoleate",,,,,,PENDING
0000111301201,Canola Harvest® Original Vegetable Oil Spread Tub,"CANOLA OIL, WATER, PALM OIL, PALM KERNEL OIL, SALT, WHEY POWDER (MILK), VEGETABLE MONO AND DIGLYCERIDES, SOYBEAN LECITHIN, POTASSIUM SORBATE (PRESERVATIVE), CITRIC ACID, ARTIFICIAL FLAVOR, VITAMIN E (DL-ALPHA-TOCOPHEROL ACETATE), VITAMIN A PALMITATE, BETA CAROTENE & VITAMIN D3.","en:milk,en:soybeans",,"E202 - Potassium sorbate,E322 - Lecithins,E322i - Lecithin,E330 - Citric acid,E471 - Mono- and diglycerides of fatty acids",,,,,,PENDING
0000111301263,"Canola harvest, buttery spread, with flaxseed oil","Canola oil, water, palm oil, flax oil, palm kernel oil, whey powder (milk), salt, vegetable mono and diglycerides, soybean lecithin, potassium sorbate (preservative), citric acid, artificial flavor, vitamin e (dl-alpha-tocopherol acetate), calcium disodium edta (to preserve freshness), vitamin a palmitate, beta-carotene, vitamin d3.",en:milk,,"E202 - Potassium sorbate,E322 - Lecithins,E322i - Lecithin,E330 - Citric acid,E385 - Calcium disodium ethylenediaminetetraacetate,E471 - Mono- and diglycerides of fatty acids",,,,,,PENDING
0000111474123,nutricia,"vanillesmaak/vanillesmag s příchutí vanilkovou/vanilia nl voeding voor medisch gebruik. eiwitrijk, energiernik alergen melk, soja. niet bestemd voor losse verkoop, zie omdoos voor me informatie. dk fødevare til særlige medicinske formål. proteinig energi allergener: indeholder mælk og soja. må ikke sages for yderligere information, se ydre emballage potravina pro zvláštní lékařské účely. visolo obsahem bilkovin. alergeny: obsahuje mleko, so neprodejné. vice informací o přípravku viz vnější udal hu speciális gyógyászati célra szánt élelmiszer. magas energia tartalmú. allergén információ: tejet, sadja nem megbontható, darabonként nem eladható. további informác csomagoláson található. galaxy s21 ultra 5g",,,,,,,,,PENDING
00001148,,"WEIZENmehl, 22% Butter (MILCH), Trinkwasser, EI, Hefe, Zucker, MagerMILCHpulver, Speisesalz, WEIZENprotein, Emulgator (Mono - und Diacetylweinsäureester von Mono - und Diglyceriden von Speisefettsäuren), inte Mehlbehandlungsmittel (Ascorbinsäure), WEIZENenzym. Kann Spuren von SESAM, SCHALENFRÜCHTEN, SOJA, SENF, SELLERIE enthalten. SAIS Pattont 3% ATT",en:milk,,E472e - Mono- and diacetyltartaric acid esters of mono- and diglycerides of fatty acids,,,,,,PENDING
00001150,Coop Pizzabolle Tomatsaus 100g,"Hvetemel, vann, ost 10 %, pizzasaus 5 % (tomater, vann, sukker, rapsolje, krydder, løk, hvitløk, stabilisator (E 407a, E 1442), konserveringsmiddel (E 202, E 211), gjærekstrakt, surhetsregulerende middel (E 330)), sukker, salt, tørket surdeig av hvete, hvetegluten, stabilisator (E 412), dekstrose, krydder, gjær, emulgator (E 322 rapslecithin, E 472e), surhetsregulerende middel (E 450), vegetabilsk olje (oliven, palme), byggmalt, melkesukker, melbehandlingsmiddel (E 300), aroma.",,,"E1442 - Hydroxypropyl distarch phosphate,E202 - Potassium sorbate,E211 - Sodium benzoate,E300 - Ascorbic acid,E322 - Lecithins,E330 - Citric acid,E407a - Processed eucheuma seaweed,E412 - Guar gum,E450 - Diphosphates,E472e - Mono- and diacetyltartaric acid esters of mono- and diglycerides of fatty acids",,,,,,PENDING
00001165,Rindfleisch Suppe,"Hartwelzengrieẞ, Frischel (10%)* &quot;Eler aus Bodenhaltung Kann Spuren von Soja enthalten. DURCHSCHNITTLICHE NÄHRWERTE pro 100g ungekocht Energie 1528 kJ 361 kcal Fett Mezz davon Zucker Kohlenhydrate",,,,,,,,,PENDING
00001170,Organic Acerola Powder,"non-gmo soy protein isolate, corn starch, non-gmo soy flour, tapioca starch, sesame seeds, palm oil, pea fiber, rice syrup, honey, distilled vinegar, mustard seed, jalapeño pepper, green bell pepper, paprika, salt, maltodextrin, dextrose, turmeric, garlic powder, onion powder, xanthan gum, stevia, non-aluminum baking powder, yeast.",,,E415 - Xanthan gum,,,,,,PENDING
00001171,Formula 1 healthy meal,"Soya protein isolate (40 %), fructose, emulsifier (soya lecithin), polydextrose, oat fiber, inulin, coffee powder, soya oil, thickeners (guar gum, carrageenan, xanthan gum, pectin), oat bran, flavourings, cocoa powder, milk protein concentrate, anti-caking agent (silicon dioxide), dextrose, calcium citrate, colour (ammonia caramel), calcium phosphate, sodium chloride, rapeseed oil, sweetener (acesulfame K), L-ascorbic acid, honey powder, DL-alpha-tocopheryl acetate, ferrous fumarate, magnesium oxide, nicotinamide, parsley powder (0.02 %), papaya powder (0.02 %) , zinc oxide, cupric gluconate, retinyl palmitate, calcium D-pantothenate, cholecalciferol, antioxidants (L-ascorbyl palmitate, DL-alpha-tocopherol), manganese carbonate, pyridoxine hydrochloride, cyanocobalamin, riboflavin, thiamin hydrochloride, pteroylmonoglutamic acid, potassium iodide, sodium selenite, D-biotin. Allergy advice: for allergens, including cereals containing gluten, see ingredients in bold.","en:gluten,en:milk,en:soybeans",,"E1200 - Polydextrose,E150c - Ammonia caramel,E304 - Fatty acid esters of ascorbic acid,E304i - Ascorbyl palmitate,E307c - DL-Alpha-tocopherol,E322 - Lecithins,E322i - Lecithin,E407 - Carrageenan,E412 - Guar gum,E415 - Xanthan gum,E440 - Pectins,E551 - Silicon dioxide,E950 - Acesulfame k",,,,,,PENDING
00001217,26 38,"Pâte (farine de blé tendre, eau, huile d'olive extra vierge, sel, levure), Sauce blanche (eau, crème de lait en poudre (proteines de lait, lait entier en poudre, amidon de mais modifié, sel), fromage bleu 7,9% équivalent à 1,7% du produit fini (lait, sel, ferment lactiques, presure microbienne, Penicillium roqueforti), huile de tournesol, poivre noir. amidon de mais) Fromage Mozzarella 16,4% (lait, sel, présure microbienne, ferments lactiques), Fromage Provolone piquant 5,8% (lait, sel, présure animale), Fromage Pecorino Romano AOP 29% (lait de brebis, sel, présure animale, ferments lactiques), Fromage Reibekase 2,9% (lait, sel, ferments lactiques, présure microbienne), huile de tournesol, Traces éventuelles de soja. ULIRA FINE",,,,,,,,,PENDING
00000008,,"Sojaproteinisolat, Weizen - protein, Kaffee-Extrakt (6 %), Reisprotein, Erbsenprotein - isolat, Kakaopulver stark ent - ölt, Sonnenblumenprotein, Mandelprotein, Aroma, Sü - Bungsmittel (Sucralose).",,,E955 - Sucralose,,,,,,PENDING
00000024,Croccante con pistacchi e miele,"Pommes séchées - Dried Apple* Origine: Autriche - Origin: Austria Ce produit provient d'une fabrique où les noix, cacahuètes, sésame, blé et gluten sont utilisés. This producti 024",,,,,,,,,PENDING
00000031,Lindt Vollmilch Schokolade,"salt, potato starch, palm oil, yeast extract, sugar, chicken fat, flavouring, chicken powder, onion powder, turmeric powder, celery seed, parsley, rice flour, black pepper, lemon juice powder",,,,,,,,,PENDING
00000036,Multi Patents Collagen Peptides,"Multi Collagen Complex, Hydrolyzed Bovine Collagen Peptides, Hydrolyzed Fish Collagen Peptides, Chicken Bone Broth Protein Concentrate, Eggshell Membrane Collagen, Hyaluronic Acid, Superfoods Blend (Millet, Amaranth, Apple Pulp, Kale, Quinoa, Buckwheat, Cinnamon, Chia Seed, Flax Seed, Barley Sprout, Millet Sprout, Garbanzo Bean Sprout, Alfalfa Sprout, Pumpkin Seed Sprout, Flax Oil, Sunflower Seed, Lentil Sprout, Adzuki Sprout, Broccoli Sprout, Sunflower Seed Sprout, Wheat Grass, Oat Grass, Spinach, Green Bell Pepper, Turmeric, Banana, Cranberry, Mango, Beet, Broccoli, Carrot, Spinach, Onion, Blueberry, Parsley, Raspberry, Strawberry, Asparagus, Celery, Cucumber, Chlorella, Spirulina, Graviola Leaf, Mangosteen, Noni Fruit, Acai, Pomegranate, Grape)",,,,,,,,,PENDING
00000075,,"potato, high oleic sunflower oil (31%) flavourings, rice flour, salt, cornflour sugar, citric acid,",,,E330 - Citric acid,,,,,,PENDING
00000147,Pan,"Pâtes à l'épeautre - Rêve de Neptune - Spelt neptunes dream (500g e) Ingrédients Ingrediënten speltbloem*, tomaat*, spinazie*, biet&quot;, spirulina* farine d'épeautre *, tomates *, épinards *, betteraves *, spiruline *",,,,,,,,,PENDING
00000149,Nutri+ vegan 3k Proteinpulver,100% Finest Durum Wheat Pasta: Ingredients: Durum Wheat Semolina,,,,,,,,,PENDING
00000233,That’s It,"TRATES or JUICES! A low-calorie snack that's perfect nytime, with 0 Fat, 0 added sugar and 0 mess. INGREDIENTS: ORGANIC APPLES. FREE TOP Manufactured in a facility free FROM 12 RLERGENS from the Top 12 Allergens 00 CERTIFIED NON GMO Project GLUTEN FREE USDA ORGANIC VERIFIED nongmoproject.org GFCO.ORG P PALEO Brought to you by That's it Nutrition LiC. Los Angeles, CA 90014 THATSITFRUIT.COM 888-862-5235 * Scan",,,,,,,,,PENDING
00000361,Cinnamon With Chromium & Biotin,"Rice Flour, Vegetable Cellulose, Vegetable Magnesium Stearate, Silica",,,"E460 - Cellulose,E572 - Magnesium stearate",,,,,,PENDING
00000393,Protein meal bar,"Cut Corn, Wheat, Red Milo, White Millet, Black Oil Sunflower Seeds, Red Millet",,,,,,,,,PENDING
00000550,Krautsalat,"Figs* Origine: Turquie - Origin: Turkey Ce produit provvient d'une fabrique où les noix, cacahuètes, sésame, blé et gluten sont utilisés. This product is produ ion area where also otion",,,,,,,,,PENDING
00000570,Mix Energie Superfood,"abricots , figues , mûres , graines de tournesol *, graines de citrouille *, noix mélangées (amandes brunes, noix du Brésil *, amandes blanches , noix de cajou *, noix *, noisettes *), canneberges *, jus de pomme *, huile de tournesol * ), dadelstuk dadeistukjes * (dates *, farine de riz *), incabesse *, baies de goji * apricots *, figs *, blackberries *, sunflower seeds *, pumpkin seeds * mixed nuts * (brown almonds , Brazil nuts*, white almonds *, cashews *, nuts *, hazelnuts *), cranberries *, apple juice sunflower oil *), dadelstuk dadelstukjes * (dates*, rice flour *), incabesse , goji berries *",,,,,,,,,PENDING
00000636,Ultra thin crust chicken bacon ranch pizza,"Oat flakes *, barley flakes *, rye flakes *, wheat flakes * (*Issu de l'agricult",en:gluten,,,,,,,,PENDING
00000766,Thrive Plant Protein - Chocolate Swirl,"Rice,Water,Wheat,Salt,Caramel",,,,,,,,,PENDING
0000112302619,soupe à la chinoise  légumes et vermicelles,"eau, légumes 15 % (oignon, carotte, pousses de bambou, céleri, poivron, poireau), vermicelles cuits 5 % (semoule de blé, blanc d'oeufi, champignons noirs 2,4 %, amidon transformé de pomme de terre, arômes (contient céleri), sel, graisse de poule antioxydant: extrait de romarinl, piment de Cayenne, ait écrémé en poudre","en:celery,en:gluten",,E14XX - Modified Starch,,,,,,PENDING
000000000063,M&amp;M white,"Weizenmehl, Rapsöl, Speisesalz, 1,7% Meersalz, Fefe, Gerstenmaizextrakt, Säureregulator: Natrium - hydroxid; Backtriebnittel: Ammoniumcarbonate. Das Produkt kann Spuren von Sesam enthalten. DURCHSCHNITTLICHE NÄHRWERTE - pro %RM* 100g pro 100g Brennwert kJ/kcal 1630/385 19% Fett 3,7g 5% davon: - gesättigte Fettsäuren 0,6g 3% Kohlenhydrate 74,0g 28% davon: - Zucker 2,4g 3% Ballaststoffe 3,9g 12,0g 24% Eiweiß 3,9g 65% Salz *Referenzmenge für einen durchschnittlichen Erwachsenen (8400 kJ/2000 kcal) AP EDEKA KUNDEN UND ERNÄHRUNGSSERVICE 2509 (",,,,,,,,,PENDING
00000161,Bio Volleipulver,"Organic Flaxseed Oil, Organic Coconut Oil, Organic Avocado Oil, Organic Sunflower Oil, Organic Pumpkin Seed Oil, Organic Sacha Inchi Seed Oil, Organic Extra Virgin Olive Oil, Organic Sesame Seed Oil, Organic Black Cumin Seed Oil, Organic Evening Primrose Oil, Organic Sea Buckthorn Berry Oil, Organic Fenugreek Seed Extract, Organic Turmeric Root Extract, Organic Rosemary Leaf Extract, Organic Clove Bud Extract, Organic Thyme Leaf Extract, Organic Oregano Leaf Extract, Organic Ginger Root Extract, Organic Black Pepper Fruit Extract, Organic Cardamom Seed Extract, Organic Cumin Seed Extract, Organic Coriander Seed Extract, Organic Fennel Seed Extract, Organic Fenugreek Seed Extract, Organic Turmeric Root Extract, Organic Rosemary Leaf Extract, Organic Clove Bud Extract, Organic Thyme Leaf Extract, Organic Oregano Leaf Extract, Organic Ginger Root Extract, Organic Black Pepper Fruit Extract, Organic Cardamom Seed Extract, Organic Cumin Seed Extract, Organic Coriander Seed Extract, Organic Fennel Seed Extract",,,,,,,,,PENDING
00001403,Sablés Coco Lait,"Farine de blé 27.5%, chocolat au lait 22% (sucre, beurre de cacao, lait entier en poudre, pâte de cacao, émulsifiant : lécithines (soja), arôme naturel de vanille), sucre, noix de coco râpée 10%, œufs de poules élevées en plein air 9%, beurre concentré, huile de colza, poudres à lever carbonates de sodium - citrates de sodium (blé), lait écrémé en poudre, malt d'orge, sel, émulsifiant : lécithines (soja), arôme naturel de coco. Peut contenir des traces de graines de sésame et de fruits а сoque.",,,"E322 - Lecithins,E322i - Lecithin,E331 - Sodium citrates,E500 - Sodium carbonates",,,,,,PENDING
00001404,,"Farine de blé 39%, chocolat noir 22% (pâte de cacao, sucre, beurre de cacao, matière grasse laitière anhydre, émulsifiant : lécithines (soja), arôme naturel de vanille), sucre, beurre concentré, huile de colza, lait écrémé en poudre, sel, poudres à lever: carbonates de sodium - citrates de sodium (blé), arôme naturel. : Peut contenir des traces d'œufs, de graines de sésame et de fruits à coque. S",,,"E322 - Lecithins,E322i - Lecithin,E331 - Sodium citrates,E500 - Sodium carbonates",,,,,,PENDING
00001664,Brins de ChocoCaramel,"Chocolat au lait 40% (sucre, beurre de cacao, lait entier en poudre, pâte de cacao, émulsifiant : lécithines (soja), arôme naturel de vanille), sirop de glucose-fructose, farine de blé 23%, sucre, stabilisant : glycérol, fructose, lait concentré sucré (lait entier, sucre), caramel aromatique 0.9%, lait écrémé en poudre, beurre concentré, beurre, sel, arôme, gélifiant : pectines, émulsifiant : lécithines (soja). Farine issue de blé français, filière responsable. Peut contenir des traces d'eufs, de graines de sésame et de fruits à coque.","en:gluten,en:milk,en:soybeans",,"E322 - Lecithins,E322i - Lecithin,E422 - Glycerol,E440 - Pectins",,,,,,PENDING
0000200000007,Purée de Sésame Tahini Bio,"Graines de sésame grillées* (99,7%), sel de mer (0,3%). (*issu de l'agriculture biologique)",en:sesame-seeds,,,,,,,,PENDING
0000200000016,Purée de Noix de Cajou Crues Bio,"Noix de cajou crues (100%) (*issu de l'agriculture bio - logique). Peut contenir des traces de fruits à coque, d'arachides et de graines de sésame.",en:nuts,,,,,,,,PENDING
0000200000020,,"Noix de pécan gril - lées* (100%). (*issu de l'agricul - ture biologique). Peut contenir des traces de fruits à coque, d'arachides et de graines de sésame. EN Ingredients: roasted pecan nuts* (100%). (*from organic farming). May contain traces of pea - nuts, other nuts and sesame seeds. À consommer avant le : voir couvercle/ To be consumed before : see the lid. FR Th",en:nuts,,,,,,,,PENDING
00002083,Ciao le sel ! Iodé,"Poudre et graine de sésame complet toastées 70%, algues Kombu, algues Wakamé.",,,,,,,,,PENDING
00002182,P'tits-B Crousti'Choco,"Ingrédients Cereales 50.2 % (farine de blé 39,3 %, flocons d'avoine 4,2 %, farine d'orge 2,1 %, arine de seigle 2,0 %, farine de eau e 1.3 % son de blé 1 %), su re, matière grasse composée huile de co za beurre concentré pépites de chocolat noir 11,9 % (sucre, pâte et beure de cacao, cacao maigre en poudre, émulsifiant : lécithines (tournesol arme oeufs frais billes de céréales biscuitées 53 % farine de blé sucre, malt de blé amidon de blé poudre à lever: carbonates de sodium, sel, beurre de cacao, arome naturel de vanille), beurre patissier, cacao maigre en poudre, lait écrémé en poudre, farine de sarrasin 1,3 %, poudres à lever : carbonates dammonium-carbonates de sodium-diphosphates blé, malt d'orge, arôme, sel, émulsifiant: lécithines (soja). Peut contenir des traces de graines de sésame et de fuits à coque",,,"E322 - Lecithins,E322i - Lecithin,E502 - Carbonates",,,,,,PENDING
00002199,Petit beurre tablette choco,"Chocolat au lait 48% (sucre, beurre et pâte de cacao, lait écrémé en poudre, lactose, matière grasse laitière anhydre, émulsifiant lécithines (tournesol), arôme), farine de blé, sucre, beurre concentré (soit 9% de beurre reconstitué), lait entier en poudre, poudres à lever : carbonates d'ammonium carbonates de sodium - diphosphates, sel. Peut contenir des traces de soja, de graines de sésame, d'eufs et de fruits à coque. VALEURS NUTRITIONNELLES ΜΟΥΕΝNES Pour 2 Biscuits (25g) Pour 100 g",,,"E322 - Lecithins,E322i - Lecithin,E450 - Diphosphates,E503 - Ammonium carbonates",,,,,,PENDING
00002955,Chocolat noir sésame complet,"Pâte de cacao Équateur*, sucre de canne blond*, beurre de cacao*, sésame* 10%. *Ingrédients agricoles issus de l'agriculture biologique. Cacao, sucre, Commerce Equitable contrôlé selon le référentiel Fair for Life: 90% du total des ingrédients d'origine agricole sont issus de filières BIOPARTENAIRE (¹) Plus d'informations sur www.BIOPARTENAIRE.com. Peut contenir des traces de fruits à coques, de gluten, d'oeuf, de soja et de lait.",en:sesame-seeds,,,,,,,,PENDING
00003991,Poudre de cacao,"Poudre de cacao biologique Peut contenir : Noix, Graines de sésame",,,,,,,,,PENDING
00004428,,"UNBLEACHED HIGH GLUTEN ENRICHED FLOUR (WHEAT FLOUR, MALTED BARLEY FLOUR, NIACIN, REDUCED IRON, THIAMINE MONONITRATE, RIBOFLAVIN, FOLIC ACID), WATER, RAISINS, WHEAT OBRAN, VITAL WHEAT GLUTEN, WHOLE WHEAT FLOUR, WALNUTS, ue DRIED APPLES, DATE PASTE, HONEY, 3% YEAST, CINNAMON, SALT, GUAR 0% GUM, MONOCALCIUM PHOSPHATE. 0% 5% 3% CONTAINS WHEAT, WALNUT. MAY CONTAIN EGG, SOY, SESAME.",,,"E341 - Calcium phosphates,E341i - Monocalcium phosphate",,,,,,PENDING
0000442811776,Instant shrip noodles,"enriched wheat flour (wheat flour, niacin, reduced iron, thiamine mononitrate, riboflavin, folic acid), vegetable oil (contains one or more of the following: canola, cottonseed, palm) preserved by tbhq, salt, dehydrated vegetables (carrot, garlic, onion, chive), contains less than 2% of: chili, habanero, paprika, and other spices, monosodium glutamate, maltodextrin, freeze dried shrimp, dehydrated soy sauce (wheat, soybeans, salt), sugar, hydrolyzed corn protein, hydrolyzed wheat protein, hydrolyzed soy protein, yeast extract, miso powder (soybeans, wheat, rice, salt), potassium carbonate, citric acid, sodium carbonate, sodium hexametaphosphaté, natural flavors, sésame oil, silicon dioxide (anti-caking agent), sodium tripolyphosphate, disodium guanylate, disodium inosinate, monosodium phosphate, lactose. irimp",,,"E319 - Tertiary-butylhydroquinone (tbhq),E330 - Citric acid,E339 - Sodium phosphates,E339i - Monosodium phosphate,E452 - Polyphosphates,E452i - Sodium polyphosphate,E452vi - Sodium tripolyphosphate,E621 - Monosodium glutamate,E627 - Disodium guanylate,E631 - Disodium inosinate",,,,,,PENDING
0000509005582,Baguette constance,"farine de BLE. eau. levain de SEIGLE gluten de BLE, sel, levure, farine de BLE malte. Traces eventuelles de fruits a coquès et sesame.",,,,,,,,,PENDING
00005272,Sandwich solene céréales sicilien,"pain aux 6 céréqles 61,7 % farine (farine de BLÉ, GLUTEN de BLE), eu, mélange 6 céréales-3 graines 17,6% (farine de BLE complet, crème d'ORGE, farine d'AVOlNE, farine de maïs, semoule de BLÉ dur, graines cie millet, graines de lin, graines de SÉSAME, farine de SEIGLE), sel, levure, garniture 38,3% , coppa 30,2% (échine de porc, sel, dextrose de maïs, fenouil, arome naturel, sucre, conservateur: nitrate de potassium et nitrite de sodium - origine UE), salade 30,2%, tomate 30,2%, basilic 5%, huile d'olive.","en:gluten,en:sesame-seeds",,"E250 - Sodium nitrite,E252 - Potassium nitrate",,,,,,PENDING
0000628006569,L'Envoûtante (Pain),"Farine de _blé_ (farine de _blé_, _gluten de blé_, farine de _blé_ malté), eau, _graines de sésame_ décortiquées toastées 1 %, sel, germe de _blé_ 1 %, levure, émulsifiant : E472e, agent de traitement de la farine E300.","en:gluten,en:sesame-seeds",,"E300 - Ascorbic acid,E472e - Mono- and diacetyltartaric acid esters of mono- and diglycerides of fatty acids",,,,,,PENDING
0000703302420,Houmous oignons caramélisés,"Pois chiches, eau, tahini (beurre de sesame), huile de canola, oignons caramélisés, sel de mer, vinaigre, ail, huile d’olive, epices",,,,,,,,,PENDING
0000705520537,,"Roggenmehl 47%, Weizenmehl 45%, getrockneter Sauerteig (Roggenmehl, natürlich fermentiert), jodiertes Speisesalz (Speisesalz, Kaliumjodat), Trockenhefe 2%, Traubenzucker, Gerstenmalzmehl, Säuerungsmittel (Äpfelsäure) Malzextrakt (Gerste, Roggen), Mehlbehand - lungsmittel (Ascorbinsäure). Kann Spuren von Milch, Ei, Sesam, Soja und Lupinen enthalten. Durchschnittliche Nährwerte Energie Fett",en:gluten,,E300 - Ascorbic acid,,,,,,PENDING
0000789032927,"Original Hummus With Flatbread, Original","Chick Peas, Filtered Water, Tahini (Sesame Seed Paste), Olive Oil, Lemon Juice, Garlic, Sea Salt, Citric Acid, Cayenne. Flatbread Ingredients: Unbleached Wheat Flour, Sesame Seeds, Organic Cane Sugar, High Oleic Sunflower Oil, Barley Grits, Durum Semolina, Sea Salt, Poppy Seeds, Filtered Water.","en:gluten,en:sesame-seeds",,E330 - Citric acid,,,,,,PENDING
0000802805391,,"je wil weten over onze Toast met rozemarijn We hebben alles op een rijtje gezet wat Dit Ingrediënten: TARWEbloem, zonnebloemolie, moutextract (GERST, maïs), zout, rozemarijn 2,3%, gist. Als je ergens niet tegen kan Allergenen: tarwe en gerst (gluten). Kan bevatten: soja, melk en sesam. Gemiddelde voedingswaarde per 100 g kJ 1787 kcal 425 Energie Vetten 11,9 g waarvan verzadigde vetzuren 1,3 g Koolhydraten 66,3 g waarvan suikers Vezels Eiwitten per 30 g kl 536 kcal 127 3,6 g 0,4 g 19,9 g 1,0 g 1,2 g 11,0 g 3,3 g 7% Zout 2,40 g 0,72 g 12% *RI= Referentie-inname van een gemiddelde volwassene (8.400 kl/2.000 kcal). Deze verpakking bevat 5 porties. Hoe zit het met de houdbaarheid? 3,2g 4,1g Ten minste houdbaar tot en met: zie achterzijde. Bewaaradvies: koel en droog bewaren. BI RESTAFVAL We zijn er voor je Consumentenservice: Jumbo Supermarkten B.V. Antwoordnummer 10072, 5460 VB Veghel Nederland, Jumbo.com To gool je de verpakking weg VERPAKKING RI 6% 5% 2% 8% 19% 150g e",en:gluten,,,,,,,,PENDING
0000978623508,Pane proteico,"Acqua, Miscela di proteine (12%) (Proteine del grano, Proteine del picelli), farina di segale integrale, Semi di lino scuri, Sola macinata grossa (6%), Farina di soia (3%), Crusca di frumento, Semi di lino dorati, Semi di girasole, Sesamo, Aceto di mele, Sale, Farina di segale, Lievito, Siero del latte in polvere","en:gluten,en:milk,en:sesame-seeds,en:soybeans",,,,,,,,PENDING
0001143155625,Nankhatai traditional indian cookies,"Wheat flour (50%), sugar (21%), hydrogenated vegetable oil (contains one or more of the following: sesame oil, soybean oil, palm oil), cardamom, nutmeg, sodium bicarbonate, butylated hydroxyanisole (e320), salt.",en:gluten,,"E320 - Butylated hydroxyanisole (bha),E500 - Sodium carbonates,E500ii - Sodium hydrogen carbonate",,,,,,PENDING
0001202312158,Spicy Szechuan Noodles,"White Cabbage, Brown Rice Noodles (8%) [Brown Rice Flour, Water], Pak Choi (8%), Red Onion, Edamame [Soya] (8%), Chestnut Mushroom (7%), Roasted _Peanuts_ (4%) [Peanuts, Rapeseed Oil, Salt], _Soya_ Mince [_Soya_ Flour, Colour: Caramel] (4%), Water, Tamari [_Soya_ Beans, Water, Salt, Alcohol], Tahini (4%) (_Sesame_), Spring Onion (4%), Garlic, Maple Syrup, Rice Wine Vinegar, Ginger, Red Pepper Flakes, Sunflower Oil, Porcini Mushroom Powder, _Sesame_ Oil (_Soya_), Chilli Flakes, Pepper, Szechuan Pepper (0.1%)","en:sesame-seeds,en:soybeans",,E150 - Caramel,,,,,,PENDING
00012782,Bagel sésame 3 fromages,"PAIN BAGEL au SESAME 51,2% : Farine de BLE, eau, huile végétale raffinée de colza, sucre, GRAINES DE SESAME 2%, GLUTEN D E BLE, farine de MALT DE BLE, levure, sel, farine de SOJA, émulsifiants: E471, E322, agents de traitement de la farine : E300, E920. Garniture 48,8% : FROMAGE DE CHEVRE 41,1% (LAIT de chèvre pasteurise 98,3%, sel 1,5% ferments LACTIQUES et fongiques, coagulant), FROMAGE CHEDDAR 22,4% (FROMAGES [dont CHEDDAR 51%], LAIT écrémé réhydraté, BEURRE, sels de fonte : citrates de sodium, acide citrique, protéines de LAIT, sel, colorant : extrait de paprika, antiagglomérant:lécithine de tournesol). FROMAGE FRAIS 18,2% (BABEURRE, CREME pasteurisee 13,3%, protéines de LAIT, acidifiant :acide citrique, sel. épaississant farine de graines de caroube, conservateur : sorbate de potassium, arôme naturel),  FOURME D'AMBERT 18.2% (LAIT pasteurisé de vache, sel. présure animale ferments LACTIQUES). (% exprimés pur le garniture)",,,"E160c - Paprika extract,E202 - Potassium sorbate,E300 - Ascorbic acid,E322 - Lecithins,E322i - Lecithin,E330 - Citric acid,E331 - Sodium citrates,E471 - Mono- and diglycerides of fatty acids,E920 - L-cysteine",,,,,,PENDING
0001374569225,Œufs Praliné,"Praliné 32% (sucre, amandes, noisettes), sucre, beurre de cacao, lait en poudre, pâte de cacao, lactosérum en poudre, brisure de crêpe dentelle 1% (farine de blé, sucre, beurre concentré, poudre de lait écrémé, malt d'orge, sel), noisettes hachées 0,8%, matière grasse laitière en poudre, émulsifiant : lécithine de soja, arôme naturel de vanille. Traces possibles d'autres fruits à coque, œuf, sésame.",,,"E322 - Lecithins,E322i - Lecithin",,,,,,PENDING
00013819,Triangle Comtois,"PATE A PAIN [farine de BLE (farine de BLE, GLUTEN de BLE, farine de BLE malité, levure désactivée), eau, dextrose, graines de tournesol 1,5%, sel, levure, poudre de BEURRE, perméat de LACTOSERUM, émulsifiant: E471e, GLUTEN de BLE. graines de millet 0,3%, graines de SESAME O,3%, colorant E160aiii, agent de traitement de la farine : E300], décor GRAINES 3% [millet 45%, SESAME 35%, pavot 20%]. UR US Garhiture 56% Jambon 35,7% (jambon de porc [origine France], eau, sel, arômes naturels, dextrose, bouillon de porc déshydratė [eau, os et viande de porc, extrait de carotte et extrait de poireau], sirop de glucose, chlorure de potassium, antioxydant ascorbate de sodium. conservateur nitrite de C sodium)salade batavia 21,4%. tomate 21.4% COMTE 7,1% (LAIT de vache, sel, FERMENTS LACTIQUES, présure), moutarde 7,1% (eau, graines de moutarde, vinaigre d’alcool, sel, acidifiant : acide citrique, conservateur : DISULFITE de potassium), BEURRE léger 7,1% (eau, BEURRE, amidon modifié E1422, amidon de pomme de terre, acidifiant : acide lactique, sel 0,4%, émulsifiants E471, épaississant E466, conservateur : sorbate de potassium colorant : bêta-carotène, arôme naturel)",,,"E1422 - Acetylated distarch adipate,E160a - Carotene,E160ai - Beta-carotene,E160aiii - Beta-carotene from blakeslea trispora,E300 - Ascorbic acid,E466 - Sodium carboxy methyl cellulose,E471 - Mono- and diglycerides of fatty acids",,,,,,PENDING
00013826,Le jurassien,"Pain triangle aux CEREALES 37,7% : PATE (farine de BLE (farine de BLE, GLUTEN de BLE, farine de BLE malté, levure désactivée)), eau, dextrose, graines de tournesol 1,5%, sel, levure, poudre de BEURRE, perméat de LACTOSERUM, émulsifiant : E471e, GLUTEN de BLE, graines de millet 0,3%, graines de SESAME 0,3%, colorant : E160iii, agent de traitement de la farine : E300. décor GRAINES 3% (millet 45%, SESAME 35%, pavot 20%) Garniture 62,3% : concombre 30,3%, radis rouge 24,2%, carottes râpées 12,1%, COMTE 12,1% ( LAIT de vache, sel, FERMENTS LACTIQUES, présure), FROMAGES aux 4 poivres 12,1% (FROMAGE frais, eau, CREME, sel 1,5%, poivres 0,3% : vert, blanc, noir, baies roses, poivrons, arômes de BLE, dextrose), salade de batavia 9,1% (% exprimés sur la garniture)",,,E300 - Ascorbic acid,,,,,,PENDING
0001472055734,,"Wasser, Weizenvollkornmehl, Weizeneiweiß, Sonnenblumenkerne, Leinsamen, Erbsenschrot, Hefe, Sesam, Weizenproteinkonzentrat, Ackerbohnenmehl, Gerstenmalz - mehl, Weizenspeisekleie, Natursauerteig (Wasser, Roggen - vollkornmehl, Roggenmehl, Weizenmehl), Säureregulator: Natriumacetate; Roggenmehl, Salz. Kann Spuren von Ei, Soja und Milch enthalten. Angebrochene Packung stets wieder mit Clip verschließen und möglichst bald verzehren. Ungeöffnet",,,E262 - Sodium acetates,,,,,,PENDING
0001505501180,miso ramen,"RAMEN NOODLES: WHEAT FLOUR, SHORTENING OIL, TAPIOCA STARCH, POTATO STARCH, SALT, SODIUM HEXAMETAPHOSPHATE, SODIUM HYDROGEN CARBONATE, MIXED TOCOPHEROL, GUAR GUM, AND RIBOFLAVIN. SOUP SAUCE RED MISO WATER SOYBEAN RICE, AND SALT), WATER, SOYBEAN OIL, MALTODEXTRIN, SALT, YEAST EXTRACT, KELP POWDER (DEXTRIN, KELP BROTH, AND KELP EXTRACT), SUGAR SOY SAUCE POWDER ASOY SAUCE SOYBEAN, SALT AND ALCOHOL], DEXTRIN, AND SALT)*, SHALLOT*, WHITE RADISH*, TUNA POWDER (TUNA, MALTODEXTRIN, SALT, AND SUGAR), ONION, GARLIC, SODIUM LACTATE, SODIUM ACETATE, CARAMEL POWDER, DISODIUM INOSINATE AND DISODIUM GUANYLATE, POTASSIUM CHLORIDE, GINGER XANTHAN GUM, SESAME OIL, AND CITRIC ACID. VEGETABLE: CARROT*, CORN*, GREEN ONION* AND SESAME. CHILI OIL PACK: SOYBEAN OIL, GINGER, CHILI OIL. CONTAINS: SOY, WHEAT, SESAME, AND FISH (TUNA). MANUFACTURED IN A FACILITY THAT PROCESSES SOY, WHEAT, AND FISH. *DRIED COOKING INSTRUCTIONS RETTLE AND ENJOY! 4. ADD THE FLAVORING OIL, STIR WELL THE PACKETS. 1. OPEN THE LID HALFWAY AND RENOIE CLOSE THE LID AND WAIT 3 MINUTES 3. ADD HOT WATER TO THE FILL LINE PACKETS (WAIT ON THE FLAVOR OIL. 2. ADD THE VEGGIES AND SEASONING een MICROWAVE on oven wattage. THE PACKETS. 1. OPEN THE LID HALFWAY AND REFUTE HIGH FOR 2 MINUTES AND MICROWAVE † Microwave cook times may vary depe 3. ADD COOL WATER TO THE FILE 2. ADD THE VEGGIES AND SEASONING PACKETS (WAIT ON THE FLAVOR OIL, STIR WELL AND OR 1 MINUTE ADD THE DO NOT MICROWAVE WITH CONTENTS WILL BE HOT PLEASE",,,"E101 - Riboflavin,E101i - Riboflavin,E1400 - Dextrin,E262 - Sodium acetates,E262i - Sodium acetate,E306 - Tocopherol-rich extract,E325 - Sodium lactate,E330 - Citric acid,E412 - Guar gum,E415 - Xanthan gum,E452 - Polyphosphates,E452i - Sodium polyphosphate,E500 - Sodium carbonates,E500ii - Sodium hydrogen carbonate,E627 - Disodium guanylate,E631 - Disodium inosinate",,,,,,PENDING
0001509202181,Michigan bread company,"unbleached hard spring wheat flour, malted barley flour, niacin, reduced 70 iron, thiamin riboflavin, folic acid, water, 1% sesame seeds, sugar, salt, 0% soybean oil, hydrogenated soybean oil, hydrogenated cottonseed oil, yeast, enzymes, calcium propionate 0% (preservative). 1 slice (28 g) mononitrate, % dally value 5% 4% 0%",,,,,,,,,PENDING
00015271,Suédois au thon,"PAIN SUEDOIS 37,3% : Farine de BLE, eau, farine de SEIGLE 15%, sucre, sirop de sucre, huile de colza, GLUTEN DE BLE, sel, levure, levain en poudre, émulsifiants : E471, E472e, poudre à lever E503ii, fructose, farine de malt d'ORGE, agent de traitement des farines : E300, enzymes. Garniture : 62,7% : THON au naturel 29,8% (THON, eau, sel), salade verte 17,9%, carottes râpées 11,9%, concombre 11,9%, FROMAGE FRAIS 11,9% (BABEURRE, CREME pasteurisée 13,3%, protéines de LAIT, acidifiant : acide citrique, sel, épalssissant : farine de graines de daroube, conservateur : sorbate de potassium, arôme naturel), FROMAGE BLANC 3,1% MG 11,9%, corlandre fraiche 3%. graihes de SESAME 1,8%, (% exprimés sur la garniture)","en:fish,en:gluten,en:milk,en:sesame-seeds",,"E202 - Potassium sorbate,E300 - Ascorbic acid,E330 - Citric acid,E471 - Mono- and diglycerides of fatty acids,E472e - Mono- and diacetyltartaric acid esters of mono- and diglycerides of fatty acids,E503 - Ammonium carbonates,E503ii - Ammonium hydrogen carbonate",,,,,,PENDING
00015363,Solène céréales poulet à l’italienne,"PAIN SOLENE AUX CEREALE S 51,4% Farine de BLE, eau, GRAINES 8% [lin brun, millet, lin jaune, tournesol, SESAME], sel, levure, GLUTEN DE BLE, farine de BLE malté, levure désactivée, agent de traitement de la farine : acide ascorbique, Garniture 48,6% : Émincé de poulet rôti 39,1% (filet de poulet 82% [origine UE], eau, acidifiant : lactate de potassium et acétate de sodium, amidon modifié de manioc, sel,  dextrose et sirop de glucose, arômes, gélifiants E407a, antioxydant : érythorbate de sodium, colorant: caramel), billes de MOZZARELLA 31,3% (LAIT pasteurisé, sel, coagulant microbien correcteur d'acidité E330, conservateur : E202), tomates confites 15,6% (tomates 73,5% huiles végétales 25%, sel, ail, origan), salade batavia 11,7%. huile d'olive 1,4%. épices italiennes (poivrons rouge et vert, tomate en poudre, ail déshydraté 14,9%, origan 11,8%, oignon déshydrate, marjolaine 5%, paprika, basilio, poivre noir, huile de tournesol, antiagglomérant : dioxyde de silicium).",,,"E14XX - Modified Starch,E150 - Caramel,E202 - Potassium sorbate,E262 - Sodium acetates,E262i - Sodium acetate,E300 - Ascorbic acid,E316 - Sodium erythorbate,E326 - Potassium lactate,E407a - Processed eucheuma seaweed,E551 - Silicon dioxide",,,,,,PENDING
00016872,Zen Party Mix,"ROASTED PEANUTS (PEANUTS, PEANUT OR CANOLA OIL, SALT), SESAME STICKS (UNBLEACHED WHEAT FLOUR, SESAME SEEDS, SUNFLOWER OIL, SA;T, BEET POWDER, TURMERIC), CHILI CRACKERS (RICE, CORN STARCH, SOY SAUCE[WATER, SOYBEANS, WHEAT, SALT], BROWN RICE SYRUP, PAPRIKA, ONION POWDER, GARLIC POWDER), TAMARI ROASTED ALMONDS (ALMONDS, TAMARI SHOYU [WATER, WHEAT, SOYBEANS, SALT]), SALT","en:gluten,en:nuts,en:peanuts,en:sesame-seeds,en:soybeans",,,,,,,,PENDING
0001900014845,,"WHEAT flour, cherry tomatoes 31 5%, water, refined high cleic vegetable sunflower oil, extra virgin olive oil, yeast, salt, malt extract (BARLEY com). spices (rosemary, sage, laurel, fennel seeds, coriander seeds, oregano, pepper, parsley, garlic, marjoram in varying proportions), flavors. Contains GLUTEN. It may contain traces of MILK and milk products EGGS, NUTS, SOYA FISH SESAME seeds, MUSTARD.",,,,,,,,,PENDING
0001944010759,,"59% Alaska-Seelachsfilet**, Weizenm liche Öle (Raps, Sonnenblume), Wasser, Hefe, Dextrose, Gewürze. ¹Kann Spuren von Ei, Soja, Milch, Sell Krebstieren, Sesam und Weichtiere Vereinzelt kann es zu Eiweißaustritt k Remoulade Zutaten: 65% Rapsöl, Wasser, Branntweinessig Eigelb, Senf (Wasser, Senfsaaten, B Speisesalz, Gewürze), Kräuter, Stärke Säuerungsmittel Citronensäure, Anti E 385. *Österreich: Weingeistessig",,,,,,,,,PENDING
0002000007201,Seeded hamburger 8 enriched buns,"Enriched wheat flour (wheat flour, malted barley flour, niacin, iron, thiamin mononitrate, riboflavin, folic acid), water, yeast, high fructose corn syrup, soybean oil, contains 2% or less of the following: wheat gluten, sesame seeds, salt, cultured wheat flour, dough conditioners (sodium stearoyl lactylate, monoglycerides, ascorbic acid), yeast nutrients (monocalcium phosphate, calcium sulfate, ammonium sulfate), calcium propionate (preservative), vinegar, soy lecithin.","en:gluten,en:sesame-seeds",,"E282 - Calcium propionate,E300 - Ascorbic acid,E322 - Lecithins,E322i - Lecithin,E341 - Calcium phosphates,E341i - Monocalcium phosphate,E481 - Sodium stearoyl-2-lactylate,E516 - Calcium sulphate,E517 - Ammonium sulphate",,,,,,PENDING
0002000010775,Escalope soja et blé,"Protéines de soja et de blé réhydratées, Eau, Chapelure (farine de blé, eau, huile de colza, levure, sel épices (pa rika curcuma)) ; Huiles végétales (tournesol colza), BIPanc d'œuf* en poudre, Amidon de maïs, Fi6res d'agrumes, Extrait de levure, Farine de blé, Epices (oignon en poudre, paprika, piment rouge, ail deshydraté cumin, origan) ; Concentré de tomates, Vinaigre, Sel, Ail, Jaune d'œuf*, Sel iodé, Moutarde, Sucre, (*Poules élevées au sol,) Peut contenir : sésame, céleri,",,,,,,,,,PENDING
0002000012670,,"Farine de blé 28,2%, eau, farine de blé complet 22%, levure, sema de maïs, gluten de blé, graines de tournesol toastées 2,6%, graines de courge toastées 2,6%, graines de tourne 2,1%, sucre, alcool, sel, graines de lin brun 0,6%, graines de pavot 0,5%, graines de millet 0,5%, graines de lind 0,4%, amidon de maïs, levain de blé dévitalisé, poudre d'acérola, conservateurs: propionate de calcium, a sorbique, levure sèche désactivée. Traces éventuelles de lait, œuf, sésame, soja et moutarde. Fabriqué en Fra Les graines ne proviennent pas de France. də sun эр эшше and de sns ариалалдар ашшоя 9202",,,E282 - Calcium propionate,,,,,,PENDING
00021065,Sächsischer Christstollen,"WEIZENMEHL, Sultaninen, Margarine (Palmfett, Wasser, Rapsöl, Emulgatoren Mono - und Diglyceride von Speisefettsäuren und Sonnenblumenlecithine, Säuerungsmittel Citronensäure), Orangeat / Zitronat (Orangen - und Zitronenschalen, Glukose-Fruktosesirup, Zucker, Salz, Säuerungsmittel Citronensäure), Wasser, Zucker, Hefe, MANDELN, Backmittel (SÜSSMOLKENPULVER, MAGERMILCHPULVER, Palmfett, Glukosesirup, MILCHEIWEISS, Mehlbehandlungsmittel Ascorbinsäure), Rum, Salz, Aromen (enthält SOJA, MANDELN), Kokosfett, Dekor: Dekorzucker (Traubenzucker, WEIZENSTÄRKE, Palmfett, natürliches Aroma), BUTTERFETT mit Aroma Vanillin, Zucker, natürliches Vanillearoma. Kann Spuren von SESAM, ERDNÜSSEN, anderen SCHALENFRÜCHTEN und EIPRODUKTEN enthalten.",,,"E300 - Ascorbic acid,E330 - Citric acid",,,,,,PENDING
0002114016000,Unseasoned Plain Bread Crumbs,"Enriched flour (flour, malted barley, niacin, ferrous sulfate, thiamine mononitrate [vitamin b1], riboflavin [vitamin b2], folic acid), high fructose corn syrup, corn syrup, partially hydrogenated vegetable oil (soybean and/or cottonseed and/or corn and/or canola oils), water, salt. contains 2 percent or less of yeast, honey, molasses, sugar, wheat gluten, whey, soy flour, whole wheat flour, rye flour, corn flour, oat bran, oat flour, corn meal, rice flour, potato flour, butter, dough conditioners (mono-and diglycerides, sodium and/or calcium stearoyl lactylate, soy lecithin, calcium carbonate), yeast nutrients (ammonium sulfate, calcium sulfate, monocalcium phosphate), distilled vinegar, skim milk, buttermilk, lactic acid, calcium propionate (preservative), potassium sorbate (preservative), sesame seeds, sunflower seeds, eggs.","en:eggs,en:milk,en:sesame-seeds",,"E170 - Calcium carbonates,E170i - Calcium carbonate,E202 - Potassium sorbate,E270 - Lactic acid,E282 - Calcium propionate,E322 - Lecithins,E322i - Lecithin,E341 - Calcium phosphates,E341i - Monocalcium phosphate,E471 - Mono- and diglycerides of fatty acids,E516 - Calcium sulphate,E517 - Ammonium sulphate",,,,,,PENDING
0002114016007,Italian Style Bread Crumbs,"Enriched flour (flour, malted barley, niacin, ferrous sulfate, thiamin mononitrate [vitamin b1], riboflavin [vitamin b2], folic acid), high fructose corn syrup, corn syrup, partially hydrogenated vegetable oil (soybean and/or cottonseed and/or corn and/or canola oils), water, salt. contains 2 percent or less of yeast, honey, molasses, sugar, wheat gluten, whey, soy flour, whole wheat flour, rye flour, corn flour, oat bran, oat flour, corn meal, rice flour, potato flour, butter, dough conditioners (mono - and diglycerides, sodium and/or calcium stearoyl lactylate, soy lecithin, calcium carbonate), yeast nutrients (ammonium sulfate, calcium sulfate, monocalcium phosphate), distilled vinegar, skim milk, buttermilk, lactic acid, calcium propionate (preservative), potassium sorbate (preservative), sesame seeds, sunflower seeds, eggs, dehydrated parsley, romano cheese made from cow's milk (skim milk, cheese culture, salt, enzymes), spices, onions, garlic, celery, paprika (color).","en:celery,en:eggs,en:milk,en:sesame-seeds",,"E170 - Calcium carbonates,E170i - Calcium carbonate,E202 - Potassium sorbate,E270 - Lactic acid,E282 - Calcium propionate,E322 - Lecithins,E322i - Lecithin,E341 - Calcium phosphates,E341i - Monocalcium phosphate,E471 - Mono- and diglycerides of fatty acids,E516 - Calcium sulphate,E517 - Ammonium sulphate",,,,,,PENDING
0002114016008,"Unseasoned bread crumbs, plain","Enriched flour (flour, malted barley, niacin, ferrous sulfate, thiamin mononitrate [vitamin b1], riboflavin [vitamin b2], folic acid), high fructose corn syrup, corn syrup, partially hydrogenated vegetable oil (soybean and/or cottonseed and/or corn and/or canola oils), water, salt. contains 2 percent or less of yeast, honey, molasses, sugar, wheat gluten, whey, soy flour, whole wheat flour, rye flour, corn flour, oat bran, oat flour, corn meal, rice flour, potato flour, butter, dough conditioners (mono - and diglycerides, sodium and/or calcium stearoyl lactylate, soy lecithin, calcium carbonate), yeast nutrients (ammonium sulfate, calcium sulfate, monocalcium phosphate), distilled vinegar, skim milk, buttermilk, lactic acid, calcium propionate (preservative), potassium sorbate (preservative), sesame seeds, sunflower seeds, eggs.","en:eggs,en:milk,en:sesame-seeds",,"E170 - Calcium carbonates,E170i - Calcium carbonate,E202 - Potassium sorbate,E270 - Lactic acid,E282 - Calcium propionate,E322 - Lecithins,E322i - Lecithin,E341 - Calcium phosphates,E341i - Monocalcium phosphate,E471 - Mono- and diglycerides of fatty acids,E516 - Calcium sulphate,E517 - Ammonium sulphate",,,,,,PENDING
00000194,Bio Walnusskerne Achtel kerne,100% Organic Walnut kernels (Juglans regia),en:nuts,,,,,,,,PENDING
00000258,"Protein Bar, Almond and Chocolate","Types I ,  III Bovine Collagen, Type II Marine Collagen, Type II Chicken Sternum Collagen, Types I, V ,  X Eggshell Membrane Collagen",,,,,,,,,PENDING
00000959,Walnut halves & pieces,contains walnut; produced on equipment that also handles almonds and cashews.,,,,,,,,,PENDING
0000112407374,Velouté Carotte Potiron Patate douce,"Eau, légumes 37% (carotte 16% , patate douce 6,3%, potiron 5,7%, pomme de terre, oignon), lait de coco reconstitué 5,7% (eau, pulpe de noix de coco, maltodextrine de tapioca, caséinate de sodium (lait)), crème 1,7% (dont lait), amidon modifié de mais, sel, sucre, lait écrémé en poudre, arômes (dont céleri), sirop de glucose, exhausteur de goût : glutamate monosodique.",en:milk,,"E14XX - Modified Starch,E621 - Monosodium glutamate",,,,,,PENDING
0000122120101,MOA,"at Of which saturated arbohydrate Of which sugars otein alt &lt;0.0 REDIENTS: Water, mango (Mangifera indica) fruit puree, prune nus domesticus) fruit juice concentrate, pomegranate (Punica g fruit juice concentrate, blackberry (Rubus fruticosus) fruit juice trate, flavouring (fermented flax seed and oregano oil), pear (Pyn munis) fruit juice concentrate, cranberry (Vaccinium oxycoccus) e concentrate, sour cherry (Prunus cerasus) fruit juice concentra kcurrant (Ribes nigrum L) fruit juice concentrate, noni (Morinda olia) fruit juice concentrate, mangosteen (Garcinia mangostana) ee, goji (Lycium barbarum) berry puree, acai (Euterpe oleracea) b , aloe Vera (Aloe barbadensis) leaf gel, acerola cherry (Malpighi ra) fruit juice, dextrose, maltodextrin, peach (Prunus persica) fr concentrate, apple (Malus domestica) fruit juice concentrate, rberry (Sambucus nigra) fruit juice concentrate, natural flavouri ener (xanthan gum), Bergavit 40 bergamot (Citrus bergamia o & Poit.), reishi (Ganoderma lucidum) mushroom powder, shita inula edodes) mushroom powder, cordyceps (Cordyceps sinens room powder, almond mushroom (Agaricus blazei) powder, Lic e (Hericium erinaceus) mushroom powder, white tea (Camellia sis) leaf extract, black cumin (Nigella sativa) seed, maitake ala frondosa) mushroom powder, grape (Vitis vinifera) seed extr al strawberry flavouring, green tea (Camellia sinensis) leaf extm tener (steviol glycosides), black pepper (Piper nigrum) fruit ext perry (Vaccinium angustifolium) fruit puree, elderberry (Sambuc fruit puree, orange (Citrus sinensis) fruit puree, kelp (Ascophy sum) leaf powder, turmeric (Curcuma longa) rhizome powder. ommended daily dose: Drink one nouch (50 ml)",,,"E415 - Xanthan gum,E960 - Steviol glycosides",,,,,,PENDING
00001250,,"whole grain oats, sugar, corn starch, honey, brown sugar syrup, salt, tripotassium phosphate, canola and/or sunflower oil, natural almond flavor. vitamin e (mixed tocopherols) added to preserve freshness. vitamins and minerals: calcium carbonate, vitamin c (sodium ascorbate), iron and zinc (mineral nutrients), a b vitamin (niacinamide), vitamin b6 (pyridoxine hydrochloride), vitamin b₁ (thiamin mononitrate), vitamin a (palmitate), vitamin b2 (riboflavin), a b vitamin (folic acid), vitamin b12, vitamin d3. contains almond ingredients. ingredientes: avena integral, azúcar, almidón de maíz, miel, jarabe de azúcar morena, sal, fosfato tripotásico, aceite de canola y/o girasol, sabor natural a almendra. vitamina e (tocoferoles mezclados) añadida para preservar la frescura. vitaminas y minerales: carbonato de calcio, vitamina c (ascorbato de sodio), hierro y zinc (nutrientes minerales), vitamina a b (niacinamida), vitamina b. (clorhidrato de piridoxina), vitamina b₁ (mononitrato de tiamina), vitamina a (palmitato), vitamina b2 (riboflavina), vitamina a b (ácido fólico), vitamina b12, vitamina d3. contiene ingredientes de almendras.",,,"E340 - Potassium phosphates,E340iii - Tripotassium phosphate",,,,,,PENDING
00001271,,"Nahrwerte pro/ Nutritional value for/ Valeur nutritionnelle pour/ Valores nutricionales por Valori nutrizionali per/ Voedingswaarde per/Näringsvärde för/Wartości odżywcze w: 100 g: 782 AJ Brennwert/Energy/Energie/Valor energético/Energia/Energie/Energi/Wartość energetyczna Fett/Fat/Lipides/Grasas/Grassi/Vetten/Fett/Tłuszcz devon gesättigte Fettsäuren/of which saturates/dont acides gras saturés de los cuales ácidos grasos saturados/ d cul acid grassi sabt/waarvan verzadigde vetzuren/Varav mättat fett/w tym kwasy nasycone Kohlenhydrate/Carbohydrate/Glucides/Hidratos de carbono/Carboidrati/Koolhydraten/Kolhydrat/Węglowodany davon Zucket/of which sugar/dent sucre/de los cuales azcúcares/ di cui zuccher/waarvan suikers/varav sockerarter/w tym cukry Elweiß/Protein/Protéine/Proteina/Proteina/Eiwitten/Protein/Biako Ballaststoffe/Fibre/Fibres alimentaires/Fibras alimentarias/Fibre/Dieetvezel/Fiber/Blonnik Salz/Salt/Sel/Sal/Sale/Zout/Salt/S61 DE Zutaten: Zutaten: 100% BIO-Flohsamenschalen. Flohsamenschalen sind geschmacksneutral und könn direkt in das Wasser gegeben oder in andere kalte Flüssigkeiten wie Milch, Saft und Trinkjoghurt eingerührt werde Kann Spuren von Schalenfrüchten enthalten. Mindestens haltbar bis: s. unten. Bitte kühl und trocken lager GB Ingredients: 100% Organic Psyllium seed husk, Psyllium seed husk is neutral in flavour and can be acc directly to vict or stirred into other cold liquids such as milk, juice and drinking yoghurt. May contain traces of mus Best before so below. Store in a dry and dark place. FR Ingredients: 100% Enveloppes de Psyllium BIO. Les enveloppes de Psyllium sont neutres à goût et on pear les ajoner doctement à l'eau ou bien on les mélange avec d'autres liquides froids comme lait, jus et du last baratte. Peut contenir des traces de noix. Meilleur avant: voir ci-dessous. Conserver dans un endroit see et sombre. ES Ingredientes: 100% Cáscara de Psyllium Ecológico. Las Cáscara de Psyllium no tienen sabor y se puede agregar directamente al agua o mezclarse con otros liquidos fríos, como leche, zumo y yogur para beber Pude contenci trazas de frutos secos. Consumo preferente: véase más adelante. Almacenar en un lugar sece OSCURO. IT Ingredienti: 100% Bucce di Psillio Biologico. La pula dei semi di Psillio è neutrale come gusto e si può aggiungere direttamente all'acqua o si può mescolare con altri liquidi freddi come latte, succo e yogurt diluto.com acqua. Può contenere tracce di noci. Da consumarsi preferibilmente entro: vedi sotto. Conservare in a huge bulo e asciutto. worden toegevoegd of in andere koude vloeistoffen zoals melk, sap en drinkyoghurt worden geroerd Kan sport NL Ingrediënten: 100% BIO-Psylliumvezels. Psylliumvezels zijn smaakloos en kunnen direct aan het ver noten bevatten. Ten minste houdbaar tot: zie hieronder, Koel, droog en donker bewaren. eller röras ner i andra kalla vätskor som mjölk, juice och drickyoghurt. Kan innehålla spirav netter Bist Dres SE Ingredienser: 100% EKO-Psylliumfröskal. Psylliumfröskal är smaklösa och kan läggas direkt till vatmet Förvara på en torr och mörk plats. bezpośrednio do wody lub innego zumnego napoju jak mleko, sok czy jogurt do picia. Może sidewer PL Skladniki: 100% BIO-Lupiny babki jajowatej. Eupiny babki jajowatej mają neutralny smak i d orzechów. Najlepiej spożyć przed: patrz poniżej. Przechowywać w suchym i elemym mies Biojoy Hergestellt in FU/Produced in EU? Fabriqué dans l'UE/Fabricado en la UF Prodotto in UE/Geproduceerd in de EU Producerad i EUWyprodukowano w UE Hergestellt für Manufactured for/Produit pour fabricada para Frodotto per/Vervaardigd voor/Tillverkad for Wyprodukowanych dia BIOJOY Gmbi I, GERMANY, 9044berg, Zab 1kg 12-a injoy su www.biojoy.eu 0,5 g 0,05 g 4 g 0,3 g 2,5 g 78 g 0,01 g Picking PO SGS BU 2014 Non FL Apure 30.04.2024 L:0/41510220008 X5012711EP www.biojoy.eu",,,,,,,,,PENDING
0000163153776,,"White Chocolate (Sugar, Cocoa Butter, Whole Milk Powder (Cow), Emulsifier: Soy Lecithin (E322), Natural Vanilla Extract], Almond.",,,"E322 - Lecithins,E322i - Lecithin",,,,,,PENDING
0000200000005,Purée de Noix de Cajou grillées Bio,"Noix de cajou grillées* (99,7%), sel de mer (0,3%). (*issu de l'agriculture biologique)",en:nuts,,,,,,,,PENDING
0000201829036,noix de cajou vrac,Noix de cajou,,,,,,,,,PENDING
00002119,,"Chocolat au _lait_ 25% (sucre, beurre de cacao, _lait_ entier en poudre, pâte de cacao, émulsifiant : lécithines (_soja_), arôme naturel de vanille), _œufs_ 19.5%, sucre, noix de coco râpée 13%, _beurre_ concentré, poudre _d'amande_, farine de _blé_ 7%, sirop de glucose-fructose, stabilisant : glycérol, sel, arôme naturel de coco, poudres à lever : carbonates de sodium - citrate de sodium (_blé_). Peut contenir des traces de _fruits à coque_.",en:soybeans,,"E322 - Lecithins,E331 - Sodium citrates,E422 - Glycerol,E500 - Sodium carbonates",,,,,,PENDING
00002405,Almond flour organic blanched,"Vitamin D, Vitamin K, Vitamin B6, Magnesium, Zinc, Medium chain triglycerides powder, Ox bile powder, Vegetable capsule, Microcrystalline cellulose, Magnesium stearate",,,"E460 - Cellulose,E460i - Microcrystalline cellulose,E572 - Magnesium stearate",,,,,,PENDING
0000367913055,galaxy vegan fruit &nut,"sugar, cocoa butter, cocoa mass, hazelnut paste (9%), raisins (8%), hazelnuts (8%), rice flour, emulsifier (lecithins (soya)). may contain other nuts. couverture chocolate contains cocoa solids 35% minimum. suitable for vegetarians. suitable for vegans.",en:soybeans,,E322 - Lecithins,,,,,,PENDING
00003705,,"SOY PROTEIN CRISPS (SOY PROTEIN ISOLATE, TAPIOCA STARCH, SEA SALT), INULIN, ALMONDS, UNSWEETENED CHOCOLATE, VEGETABLE GLYCERIN, ALMOND BUTTER (ALMONDS), SEMI-SWEET CHOCOLATE CHIPS (CANE SUGAR, UNSWEETENED CHOCOLATE, COCOA BUTTER), BROWN RICE CRISPS (BROWN RICE), COCOA POWDER, OATS, NATURAL FLAVORS, SUNFLOWER OIL BLEND [SUNFLOWER OIL, ANTIOXIDANTS (MIXED TOCOPHEROLS, ROSEMARY EXTRACT)], SEA SALT. CONTAINS: SOY, ALMONDS.",,,"E306 - Tocopherol-rich extract,E392 - Extracts of rosemary,E422 - Glycerol",,,,,,PENDING
0000380901256,David’s tea,"Perfect Spoons 1-2 Cuillères parfaites 16 oz 475 ml Caffeine free O Sans caféine Near-boiling 4-7 min Presque bouillante Ingredients: Apple, hibiscus blossoms, pineapple (pineapple, sugar), papaya (papaya, sugar), beetroot, cinnamon, raisins, coconut, roasted almonds (almonds, sugar, glucose syrup, vegetable fat, caramelized sugar syrup), popped rice, natural and artificial flavouring. Contains almonds and coconut. Ingrédients Pommes, fleurs d'hibiscus, ananas (ananas, sucre), papayes (papayes, sucre), betteraves, cannelle, raisins secs, noix de coco, amandes grillées (amandes, sucre, sirop de glucose, graisse végétale, sirop de sucre caramélisé), riz soufflé, arômes naturels et artificiels. Contient des amandes et de la noix de coco. Product of Germany. Produit d'Allemagne. For nutrition information please call: Pour des renseignements au sujet de la valeur nutritive: 1-855-702-3006 Distributed by-Distribué par DAVIDSTEA Montréal, QC H4P 1 M2 Canada davidstea.com 03809 01256 8",,,,,,,,,PENDING
00004992,Wormwood Black Walnut Cloves,"Black Walnut Hulls, Wormwood, Clove Bud, Pumpkin Seed, Garlic, Oregano",,,,,,,,,PENDING
00005014,Organic vegan pesto,"Extra virgin olive oil*, cashew nuts*, Genovese basil PDO*° in extra vir - gin olive oil* 27,6% (Genovese basil PDO*°48%, extra virgin olive oil* 45%, salt), pine kernels*, walnuts*, apple fibre*, garlic*, salt. May contain traces of soy, milk, other nuts. (*from organic farming). (°protected designation of origin).",,,,,,,,,PENDING
0000908258275,Milka with whole hazelnuts.,Sugar. Hazelnuts. Cocoa butter. Cocoa butter. Skimmed milk powder. Whey powder. Milk fat. Soya lecithins. Hazelnut paste. Flavouring. Cocoa solids 33%minimum in milk chocolate.,,,E322 - Lecithins,,,,,,PENDING
00009102,Golden Raisins California,"noix de cajou* (91%) (eau, _soja*_, sel), Tamari* (9%)",,,,,,,,,PENDING
00009891,Millet House Malt,"Siridhanya Millets (Foxtail, Kodo, Little, Barnyard, Browntop) Proso millet, Sprouted Cereals & Pulses (Bajra, Ragi, Green gram, Horse gram, Black eyed peas, Chick peas, Maize, Jowar, Toor seeds, Peas), Dry Fruits & Nuts (Almond, Pista, Dates, Cashew, Ground nut, Dry Grapes), Seeds (Fenugreek, Flax, Watermelon, Pumpkin, Sunflower), Sabudana, Cardamom, Dry ginger.",en:nuts,,,,,,,,PENDING
0001000599651,Pate a tartiner,"Sucre, huiles végétales (colza, karité, noix de coco), poudre de cacao maigre 25%, émulsifiant : lécithine de _soja_",en:soybeans,,"E322 - Lecithins,E322i - Lecithin",,,,,,PENDING
0001000643678,Pate a tartiner,"malitol, huile végétale (colza, palme) noisettes (13%), cacao maigrë, lạit ecrémé en poudre (7%), lactosérum en poudre (lait), émulsifiant (lécithine de tournesol), arôme, Contient lạit, noisettes. Produit dans une usine qui utilişe céréales contenant du gluten, soja, noix, noix de macadamia, noix de pécan, pístaches, amandes.","en:milk,en:nuts,en:soybeans",,"E322 - Lecithins,E322i - Lecithin",,,,,,PENDING
0001000657163,Tortellini Ricotta Epinard,"pâtes: farine de blé tendre, œuf pasteurisé, semoule de blé dur, eau fourrage; fromage ricotta (lactosérum, lait, sel,  régulateur d'acidité: acide citrique, acide lactique), épinards, flocons de pomme de terre, fromage mozzarella (lait), huile de tournesol, fromage en poudre, fromage (lait), lactosérum en poudre (lait), sels émulsifiants: citrate monosodique, beurre (lait), lactose (lait), chapelure (farine de blé, sel, levure), farine de riz, fibre de blé, sel, noix de muscade.","en:eggs,en:gluten,en:milk",,"E270 - Lactic acid,E330 - Citric acid,E331 - Sodium citrates,E331i - Monosodium citrate",,,,,,PENDING
0001002139015,Pate à tartiner bounty,Sucre; huile de colza; maltodextrine; poudre de LAIT entier (9%); beurre de cacao; noix de coco râpée (6%); émulsifiant (lécithines); sel.,,,E322 - Lecithins,,,,,,PENDING
0001100064084,Bambu Extra Cream Wafer Filled With Hazelnut Cream,"WHEAT FLOUR - COCONUT OIL - DEHYDRATED GLUCOSE SYRUP - SUGAR HAZELNUTS 10.8% IN THE CREAM CORRESPONDING TO 8,6% OF THE TOTAL INGREDIENTS - WHEY POWDER (MILK) - SOYA FLOUR - DRIED SKIMMED MILK - LOW FAT COCOA - DEXTROSE - EMULSIFIER: SOYA LECITHIN - RAISIN",en:milk,,"E322 - Lecithins,E322i - Lecithin",,,,,,PENDING
0001161036067,"Roasted Whole Cashew, Salted Caramel","Cashews, sugar, brown sugar, contains less than 2% of the following: salt, corn syrup, butter (cream [milk], salt), whey powder (milk), natural and artificial flavors, peanut oil, soy lecithin, caramel color.",en:milk,,"E150c - Ammonia caramel,E322 - Lecithins,E322i - Lecithin",,,,,,PENDING
00011709,All Butter Fruity Flapjack Cookies,"Sucre • Beurre (_Lait_) (15%) • flocons d'_avoine_ (contient du _gluten_) • Farine de _blé_(contient du _gluten_) (avec du _blé_, du carbonate de calcium, du fer, de la niacine, de la thiamine) • Raisins secs (12%) • Noix de coco desséchée (8 %) • Abricots séchés (7 %) (Abricots • Farine de riz • Conservateur: E220 (_Sulfites_)) • Golden syrup (sirop de sucre inverti) • _œufs_ pasteurisés • Agent de levage: Bicarbonate de sodium, E450, E503, sel, Mélasse.","en:eggs,en:gluten,en:milk,en:sulphur-dioxide-and-sulphites",,"E220 - Sulphur dioxide,E450 - Diphosphates,E500 - Sodium carbonates,E500ii - Sodium hydrogen carbonate,E502 - Carbonates,E503 - Ammonium carbonates",,,,,,PENDING
00011723,Pistachio almond cookies,"Farine de blé contient Gluten (avec Farine de blé, Carbonate de calcium, Fer, Niacine, Thiamine) • Beurre (Lait) (23%) • Sucre • Eclats de pistaches (14%) • Éclats d'amandes (8%) • Sirop de sucre inverti • Poudre à lever : E450, E503, Bicarbonate de soude • Lait en poudre . Sel.",en:milk,,"E450 - Diphosphates,E500 - Sodium carbonates,E500ii - Sodium hydrogen carbonate,E503 - Ammonium carbonates",,,,,,PENDING
0001202312202,Tiramisu cheescake,"Unsweetened Soya Milk [Water, Soya Beans, Calcium, Natural Flavouring, Stabiliser: Gellan Gum, Vitamins (B2, B12, D2)], Cashew, Maple Syrup, Oats, Coconut Milk, Ground Almonds, Coconut Oil, Dark Chocolate (6%) [Organic Cocoa Mass (67%), Organic Coconut Sugar, Organic Cocoa Butter], Cocoa Powder, Lemon Juice, Vanilla Extract (1.0%), Coffee (0.3%), Sea Salt","en:gluten,en:nuts,en:soybeans",,E418 - Gellan gum,,,,,,PENDING
00012162,Whey Protein Hazelnuss Kakao,"BASIC INGREDIENTS, NEUTRAL: Mixture of whey proteins (whey protein concentrate, whey protein isolate, whey protein hydrolysate); emulsifier soy lecithins. BASIC INGREDIENTS OF OTHER VARIETIES: Mixture of whey proteins (whey protein concentrate, whey protein isolate, whey protein hydrolysate); flavouring, emulsifier: soy lecithins; thickener. xanthan gum, quar qum, sodium carbony methyí cllulose; sweetener: acesulfame K, sucralose; anti-caking agent: silicon dioxide. CHOCOLATE, CHOCOLATE-MINT: 5 % cocoa, colour: ammonia caramel; salt, colour: carmines. HAZELNUT CHOCOLATE: 1.5% cocoa, salE COOKIES & CREAM, VANILLA COOKIES biscuit pieces (wheat flour, sugar, palm fat, low-fat cocoa powder, salt, raising agent: ammonium carbonates, sodium hydrogen carbonate, potassium carbonates), salt. DOUBLE CHOCOLATE: 5% cocoa, salt. BUTTER BISCUIT: 5% biscuit pieces (wheat flour, sugar % butter, wheat starch, glucose-fructose syrup, skimmed milk powder, salt, sweet whey powder, natural bourbon vanilla flavouring), salt. LATTE MACCHIATO: 2.15 % instant coffee, colour: caramels; salt. TOFFEE: Colour: caramels; salt,instant coffee CHOCO - LATE-COCONUT: 4% cocoa, 2% coconut flakes, colour: caramels; salt, colour: carmines. STRAWBERRY-WHITE CHOCOLATE: 5 % white chocolate chips (sugar, cocoa mass, whole milk powder, emulsifier: lecithins), acid: citric acid; salt. TRIPLE CHOCOLATE: 6 % dark chocolate (2.5% cocoa, sugar, cocoa mass, cocoa powder, emulsifier: soy lecithins); 5% cocoa. CHOCOLATE BUTTER BISCUIT: 5 % cocoa, 5% biscuit pieces (wheat flour, sugar, 11% butter, wheat starch, glucose-fructose sirup, skimmed milk powder salt, sweet whey powder, natural bourbon vanilla flavour), salt, caramel. CINNAMON ROLL: Cinnamon, salt. WHITE CHOCOLATE: 5 % white chocolate chips (sugar, cocoa mass, whole milk powder, emulsifier: lecithins), salt. YOGHURT PEACH: acid: citric acid; salt. RED BANANA: colour: carotenes, carmines, BLACK FOREST CAKE: 5 % dark chocolate (2.5 % cocoa, sugar, cocoa mass, cocoa powder, emulsifier: soy lecithins), 5 % cocoa, instant caramel, salt. BANANA BREAD: Salt, BISCUIT: cinnamon. STRACCIATELLA: 6% Dark chocolate pieces (sugar, cocoa mass, cocoa powder, emulsifier: soy lecithins). CHOCOLATE BROWNIE: 5% Cocoa, caramel, salt, colour: carmines. May contain traces of gluten and eggs. NOTE: Itis recommended mot to exceed one serving per day. This product is not a substitute for a varied and balanced diet and a healthy lifestyle.",,,"E120 - Cochineal,E150 - Caramel,E150c - Ammonia caramel,E160a - Carotene,E322 - Lecithins,E330 - Citric acid,E415 - Xanthan gum,E500 - Sodium carbonates,E500ii - Sodium hydrogen carbonate,E503 - Ammonium carbonates,E551 - Silicon dioxide,E950 - Acesulfame k,E955 - Sucralose",,,,,,PENDING
00012256,Salade Fusilli pesto,"PATES FUSILLI cuites 61%, salade verte 12,7%, billes de MOZZARELLA 7,6% (LAIT pasteurisé, sel, coagulant microbien correcteur d'acidité :E330, conservateur : E202), tomate cerise 5,1%, olives noires 5,1%, SAUCE PESTO 5,1% (huile de tournesol 42 %, basilic 29%, FROMAGES italiens 12,7% [grana padano, pecorino romano], farine de NOIX DE CAJOU, sel, BABEURRE. en poudre, PIGNONS 0,8%, fibres de BLÉ, acidifiants, acide lactique, antioxydant : acide ascorbique, ail, PIGNONS DE PIN 2,5%, huile d’olive.","en:gluten,en:milk,en:nuts",,"E202 - Potassium sorbate,E270 - Lactic acid,E300 - Ascorbic acid,E330 - Citric acid",,,,,,PENDING
0001231000220,Blooom Almond & Chocolate energy ball,"Pâte de dattes, amandes, pépites de chocolat noir, beurre de cacao, poudre de vanille, éclat de cacao cru ,poudre de cacao ,sel marin",,,,,,,,,PENDING
00013246,Coconut Bread,"Stone Oven Coconut Bread ingr,: Certified Organic Coconut flour, Organic shredded Coconut, Organic Living Culture ingr,: Farine de noix de coco certifiée biolugique, noix de coco déchiqueté, biologique, No added Sugar Rye Sourdough, Salt, Lemon Juice, evain de seigle bio de culture vivante, sel, jus de citron Nutri, Facts per 21gr, Calories 92: Fat 5g, Trans-Fat 0g, Cholesterol Og, Sodium 2,70, Carbohydrates 9g, Fiber 5,6g, Sugar 1g, Protein 2,2g, Vitamin C 2%, Caicium, Iron 10% 400gr Master Bakery, Kelowna BC",,,,,,,,,PENDING
00014519,Salade Bergerac,"Haricots verts 27,9%, salade mesclun 23,3%, carottes râpées 23,3%, magret de canard fumé 11,6% (magret de canard [origine France], sel, ferments LACTIQUES, conservateur : nitrite de sodium, antioxygène : ascorbate de sodium), dés d'EMMENTAL 7% (LAIT pasteurisé de vache, sel ferments LACTIQUES, coagulant, chlorure de calcium), CERNEAUX de NOIX 7%.",,,"E250 - Sodium nitrite,E301 - Sodium ascorbate",,,,,,PENDING
0001541801312,Creamy hazelnut spread with dipping pretzels,"Spread (30g): sugar, vegetable oil (palm), hazelnuts, cocoa powder, skimmed milk powder, whey powder, lactose, emulsifier: sunflower lecithin, natural flavors. pretzel (22g): wheat flour, corn oil, malt, salt, yeast and sodium bicarbonate.","en:gluten,en:milk,en:nuts",,"E322 - Lecithins,E322i - Lecithin,E500 - Sodium carbonates,E500ii - Sodium hydrogen carbonate",,,,,,PENDING
00015691,Bagel Légume grillés,"PAIN BAGEL nature 44,2% : farine de BLE, eau, huile végétale raffinée de colza, sucre, GLUTEN DE BLE, farine de MALT DE BLE, levure, sel, farine de SOJA, émulsifiants : E471, E322, agents de traitement de la farine : E300, E920. Garniture 55,8% : Aubergines grillées 41,4%, tomate 27.6%, FROMAGE FRAIS 13,8% (BABEURRE, CREME pasteurisée 13,3%, protéines de LAIT, acidifiant : acide citrique, sel, épaississant : farine de graines de caroube  conservateur : sorbate de potassium, arôme naturel), GRANA PADANO 13,8% (LAIT de vache cru, sel, présure, conservateur : lysozyme [protéine d'OEUF]), SAUCE PESTO 3,4% (huile de tournesol 42 %, basilic 29%, FROMAGES italiens 12,7% [grana padano, pecorino romano], farine de NOIX DE CAJOU, sel, BABEURRE en poudre/PIGNONS 9.8% fibres de BLE. acidifiant : acide lactique  antioxydant: acide ascorbique, ail). (% exprimés sur le garniture)",,,"E1105 - Lysozyme,E202 - Potassium sorbate,E270 - Lactic acid,E300 - Ascorbic acid,E322 - Lecithins,E330 - Citric acid,E471 - Mono- and diglycerides of fatty acids,E920 - L-cysteine",,,,,,PENDING
00015769,Salade Crous Bowl,"Salade mélangée 35.3%. salade quinoa BOULGOUR cranberry 35,3% (boulgour de BLE réhydraté 37,9% [eau, BLE dur précuit ] quinoa cuit 20%, tomate 10%, huile de colza, concombre 7%, courgette 5%, cranberries 4% [cranberries, sucre, huile de tournesol], raisin golden 4% [agent d'enrobage : huile de tournesol], jus concentré de citron, menthe, vinaigre d'alcool, sel, persil, ail, conservateur : E202, piment doux) pomme 11,8%, chou rouge émincé 4,7%, carottes râpées 4,7%, NOIX DE CAJOU grillées 4,7%, radis",,,E202 - Potassium sorbate,,,,,,PENDING
0001622990552,Boisson à base de jus de noix de coco,"Eau, jus de noix de coco 50%, sucre, chair de noix de coco, acidifiant (E330)",,,E330 - Citric acid,,,,,,PENDING
0001757016092,Finest Milk Chocolate,"SUGAR, COCOA BUTTER, HAZELNUTS, WHOLE MILK POWDER, COCOA MASS RUM - RAISINS [RAISINS, RUM 60% VOL., RUM FLAVOR], LACTOSE, WHEY POWDER, HAZELNUT PASTE, EMULSIFIER: SOY LECITHIN, FLAVOR: VANILLE EXTRACT. COCOA SOLIDS: 31% MINIMUM IN CHOCOLATE.",,,"E322 - Lecithins,E322i - Lecithin",,,,,,PENDING
00018524,"Organic Unsweetened Granola, Cinnamon Almond","Organic whole rolled oates, organic raisins, organic expeller pressed canola oil, organic flax seed, organic corn meal, organic almonds, organic coconut, organic cinnamon, salt.",,,,,,,,,PENDING
00018555,Organic Blueberry Almond Granola,"ORGANIC ROLLED OATS, ORGANIC EVAPORATED CANE JUICE, ORGANIC EXPELLER PRESSED CANOLA OIL, ORGANIC RAISINS, ORGANIC APPLES, ORGANIC ALMONDS, ORGANIC OAT BRAN, ORGANIC BLUEBERRIES, ORGANIC SUNFLOWER SEEDS.",,,,,,,,,PENDING
00018579,Aunt Maple's Crunchy Granola,"Organic rolled oats, flame raisins, organic coconut chips, organic maple syrup, sunflower oil, walnuts, roasted diced almonds, wheat germ, honey, crunchy almond butter (dry roasted almonds), hazelnuts, almonds, organic ground cinnamon, organic vanilla extract.",,,,,,,,,PENDING
0000112302755,velouté de tomates,"Jus de tomate à basede concentré 65% cau, amidon de mais, sucre, lait écréme en poudre, sel, beurre de cuisine, huile de colza, arómes naturels (contient lait), jus de citron concentré. Peut contenir des traces de celeri, ble (gluten) et aruf. 1Le Conformem",en:gluten,,,,,,,,PENDING
0000112307254,cèpes & Bolets à la crème fraîche,"Eau, lait écrémé reconstitué, crème fraîche 3,7%, amidon transformé de maïs, cèpe réhydraté 2,5%, bolet réhydraté 2,5%, arômes (contient: lait), sel. Peut contenir des traces de céleri, blé (gluten) 1Le et d'euf.",en:gluten,,E14XX - Modified Starch,,,,,,PENDING
0000123456789,,"drate/Hidratos de carbono/Hidratos de carbono/Węglowodany davon Zucker/de los cuales azúcares/dos quais açúcares/W tym cukry Ballaststoffe/Fibra alimentaria / Fibra/Błonnik Eiweiß/Proteínas/Proteínas/Białko Salz/Sal/Sal/Sól 59,0g 59,0 g 2,5g 6,5g 0,25g DE Vollmilchschokolade. Kakao: 30% mindestens. Zutaten: Zucker, Vollmilchpulver (18 %), Kakaobutter, Kakao asse, Süßmolkenpul - ver, Emulgator Lecithine; Vanilleextrakt. Kann Spuren von Schalenfrüchten, Erdnüs sen, Weizen und Soja enthalten. ES Figuras de chocolate con leche. Cacao: 30% mínimo. Ingredientes azúcar, leche en polvo (18%), manteca de cacao, pasta de cacao, suero de lec en polvo, emulgente: lecitinas, extracto de vainilla. Puede contener trazas de frutes de cáscara, cacahuetes, gluten (trigo) y soja. PT Figuras de chocolate de leite. Cacau: 30 % minimo. Ingredientes: açúcar, leite em pó gordo (18%), manteiga de cacau, pasta de cacau, soro doce de leite em po emulsionante: lecitinas; extrato de baunilha. Pode conter vestigios de frutos de casca rija (amêndoas, avelãs, nozes, castanhas-de-caju, nozer-pecas, Castanhas-do-brasil, pistácios, nozes-de-macadamia ou do Queensland), mendoins gluten (trigo e soja. Figurki z czekolady mlecznej. Czekolada mleczna: masakaowa min. nu 30%. Składniki: cukier, mleko w proszku pełne (18, tłuszcz kakaowy mla ga kaz Kaowa, słodka serwatka w proszku (z mleka emlator: lecytyny, ekstrawani Hiowy Może zawierać orzechy, orzeszki ziemnuszkę (gluten isoje Hergestellt für: /Distribuido por:/ Distribuido por: / Dystrybutor: Ruberant Schokoladen GmbH Dieselstraße 9.73265 Dettingen/Teck Deutschland/Alemania/ Alemanha Niemcy RECYCLE C ALDI ALDI Peso líquido:/ Masa netto: 100ge / mindestens minimo minimo minimum STUCKY eças/ Sztuk",,,,,,,,,PENDING
0000124024111,Protein original,"WATER, OAT FIBER, WHOLE WHEAT FLOUR, FABA BEAN PROTEIN, WHEAT GLUTEN, FLAX, PEA PROTEIN, UNBLEACHED ENRICHED WHEAT FLOUR (UNBLEACHED WHEAT FLOUR, NIACIN, REDUCED IRON, THIAMINE MONONITRATE, RIBOFLAVIN, FOLIC ACID), CANOLA OIL, WHEAT BRAN, SALT, PRESERVATIVES (POTASSIUM SORBATE, CALCIUM PROFIONATE), WHEAT GERM, YEAST, POTASSIUM BICARBONATE, SODIUM ACD PYROPHOSPHATE, MONO AND DIGLYCERIDES, FUMARIC ACID (CONTAINS SOYBEAN OIL AND/OR PALM OIL AND/OR COTTONSEED OIL), CELLULOSE GUM, GUAR GUM, XANTHAN GUM, ENZYMES. Added Sugars 0% CONTAINS: WHEAT. MAY CONTAIN MILK INGREDIENTS, SOY, SULFITES. g 0%",,,"E202 - Potassium sorbate,E297 - Fumaric acid,E412 - Guar gum,E415 - Xanthan gum,E450 - Diphosphates,E466 - Sodium carboxy methyl cellulose,E471 - Mono- and diglycerides of fatty acids,E501 - Potassium carbonates,E501ii - Potassium hydrogen carbonate",,,,,,PENDING
00001422,Le Jambon de nos Régions,"Pea base (pea protein isolate 41%, lentil flour, potato starch, corn flour), sunflower oil, seasoning [onion powder, whey powder (milk), salt, sour cream powder (milk), cheese powder (cheese (milk), milk solids, emulsifier (disodium phosphate)), dextrose, yeast extract, natural flavouring, parsley herb flakes, acidity regulator (citric acid)], antioxidant (rosemary extract). May contain soybeans.",en:milk,,"E330 - Citric acid,E339ii - Disodium phosphate,E392 - Extracts of rosemary",,,,,,PENDING
0000155032734,Chaussons aux abricots,"Farine de BLE, beurre 18,5%, Purée de pommes, eau, sucre, purée d'abricot concentrée 2%, œufs, sel, levure désactivée, concentré de carotte et de pomme, arôme naturel d'abricot.  Peut contenir des fruits à coque, autres céréales, soja.",,,,,,,,,PENDING
0000192495165,Dessert végétal à l'amande et au chocolat et à la noisette,"Lait d'amande* à la noisette* 79% (eau, amande* 3%, noisette* 3%), sucre de canne blond*, riz rond blanc de Camargue*, chocolat noir supérieur* 4% (pâte de cacao*, sucre de canne blanc*, beurre de cacao*, extrait de vanille*), poudre de cacao*, sel de Guérande, épaississant : farine de graines de caroube*. Peut contenir des traces de fruits à coque et de lait. Souligné : Commerce Équitable contrôlé Fair for Life : 54 % du total des ingrédients agricoles. *100% des ingrédients d'origine agricole sont biologiques.",,,,,,,,,PENDING
0000200000282,WALKERS,"Potatoes, Vegetable Oils (Sunfio Rapeseed, in varying proportions), Cheese & O Seasoning [Dried Onion, Salt, Dried Milk Whey Lactose (from Milk), Sugar, Flavouring (contois Milk), Cheese Powder (from Milk), Dried Yeast, Acids (Citric Acid, Malic Acid), Whey Protein (from Milk), Dried Garlic, Colours (Annatto Bixin, Papric Extract)], Antioxidants (Rosemary Extract, Ascorbo Acid, Tocopherol Rich Extract, Citric Acid). ALLERGY ADVICE CONTAINS: See highlighted ingredients MAY CONTAIN: Soya, Mustard, Wheat and other cereals containing gluten. Packaged in a Protective Atmosphere WALKERS, and the WALKERS Logo, are registered trademarks 2026. Find out how you can recycle this packet in store at walkers.co.uk/recycle",,,"E160b - Annatto,E160bi - Annatto bixin,E296 - Malic acid,E306 - Tocopherol-rich extract,E330 - Citric acid,E392 - Extracts of rosemary",,,,,,PENDING
0000200000296,100% WALKERS GREAT BRITISH POTATOES LEGENDARY READ,"Potatoes, Vegetable Oils (Sunflower, Rapeseed, in varying proportions), Salt, Antioxidants (Rosemary Extract, Ascorbic Acid, Tocopherol Rich Extract, Citric Acid) ALLERGY ADVICE MAY CONTAIN: Milk, Soya, Mustard, Wheat and other cereals containing gluten. Packaged in a Protective Atmosphere WALKERS, and the WALKERS Logo, are registered trademarks 2026. Find out how you can recycle this packet in store at walkers.co.uk/recycle",,,"E300 - Ascorbic acid,E306 - Tocopherol-rich extract,E392 - Extracts of rosemary",,,,,,PENDING
0000200000812,SMITHS CHIPSTICKS 17ge SALT N' VINEGAR FLAVOUR MAI,"Maize, Rapeseed Oil, Potato Granules, Salt and Vinegar Flavour (Flavouring, Salt, Acid (Citric Acid), Flavour Enhancers (Monosodium Glutamate, Disodium 5'Ribonucleotide), Potassium Chloride] Allergy Advice May Contain: Milk, Wheat, Gluten, Barley, Soya, Celery, Mustard Suitable for Vegetarians 200000812 17ge Gacor AFE",,,"E330 - Citric acid,E621 - Monosodium glutamate,E635 - Disodium 5'-ribonucleotide",,,,,,PENDING
0000200001000,sge SUNK HIGH IN FIBRE BITES SOUR CREAM 100% WHOLE,"WHOLEGRAINS (Whole corn, Whole Wheat, Whole Brown Rice Flour, Whole Oat Flour) 82% SUNFLOWER OIL, SEASONING (Flavourings (contain Milk, Onion Powder, Black Pepper) Salt, Whey Powder (from Milk), Sugar, Potassium Chloride Acidity Regulator (Citric Acid) Suga ALLERGY ADVICE Contains: See ingredients in bold May Contain: Barley, Soya If dissatisfied, tell us why, where purchased and send the pack(s) and its contents to: Consumer Experience-SUN, PO BOX 23 Leicester, LE4 8ZU, UK. EU: SUN, c/o Dublin 18,018 YOYS UK: 0800 274 777 From RO: 1800 509-408 Weekdays Sam-5pm or write to our consumer experience department. Applies to UK and ROI only Please have the product available when contacting us Contact Us form on www.sunbites.co.uk SUN logo is a registered trademark C2026 25ge amcor AFA060326 AXL5",,,,,,,,,PENDING
0000200003080,walkers,"Potatoes, Vegetable Oils (Sunflower, Rapeseed, in varying proportions), Salt & Vinegar Seasoning [Flavourings, Acids (Citric Acid, Malic Acid), Potassium Chloride, Salt, Dextrose, Sugar, Yeast Extract], Antioxidants (Rosemary Extract, Ascorbic Acid, Tocopherol Rich Extract, Citric Acid). Allergy Advice May Contain: Milk, Wheat, Gluten, Barley, Soya, Celery, Mustard SUITABLE FOR VEGETARIANS Packaged in a Protective Atmosphere WALKERS ered",,,"E296 - Malic acid,E300 - Ascorbic acid,E306 - Tocopherol-rich extract,E330 - Citric acid,E392 - Extracts of rosemary",,,,,,PENDING
0000200003145,ked e use carefully ty ingredients never fried...,"Potato Flakes, Starch, Rapeseed Oil, Sugar, Emulsifi (Lecithins), Sea Salt Seasoning Sea Salt, Salt, Flavourings), Sunflower Oil, Colour (Annatto Norbixin) ALLERGY ADVICE MAY CONTAIN: MILK, MUSTARD, SOYA WHEAT AND OTHER CEREALS CONTAINING GLUTEN n for More",,,E322 - Lecithins,,,,,,PENDING
0000200008341,BOLDER CRUNCH ICONIC TASTE Doritos TANGY CHEESE FL,"Corn (Maize), Rapeseed Oil, Tangy Cheese Flavour Whey powder (from Milk), Flavouring (contains Milk, Salt, Buttermilk Powder, Cheese Powder (from Milk Tomato Powder, Onion Powder, Potassium Chloride, Sugar, Garlic Powder, Colours (Paprika Extract, Annatto Bixin, Plain Caramell, Acidity Regulators (Citric Acid, Lactic Acid), Milk Protein, Spices, Skimmed Milk Powder, Flavour Enhancer (Disodium 5-Ribonucleotide, Antioxidants (Rosemary Extract, Ascorbic Acid, Tocopherol Rich Extract, Citric Acid Allergy Advice Contains: See highlighted ingredients May Contain: Saya, Wheat and the other Cereals containing gluten Suitable for vegetarians 400042847 4000426",,,"E160b - Annatto,E160bi - Annatto bixin,E160c - Paprika extract,E270 - Lactic acid,E300 - Ascorbic acid,E306 - Tocopherol-rich extract,E330 - Citric acid,E392 - Extracts of rosemary,E635 - Disodium 5'-ribonucleotide",,,,,,PENDING
0000200008342,BOLDER CRUNCH ICONIC TASTE Doritos COOL ORIGINAL F,"Corn (Maize), Rapeseed Oil, Cool Original Flavour (Salt, Flavouring (contains Milk), Acidity Regulators (Molic Acid, Sodium Acetates, Citric Acid, Flavour Enhancers (Monosodium Glutamate, Disodium 5-Ribonucleotide), Sugar, Glucose Syrup, Onion Powder, Cheese Powder (from Milk, Garlic Powder, Tomato Powder, Potassium Chloride, Spices, Milk Protein, Colour (Annatto Bixin, Antioxidants (Rosemary Extract, Ascorbic Acid, Tocopherol Rich Extrac, Citric Acid Allergy Advice Contains: See highlighted ingredients May Contain: Soya, Wheat and the other cereals containing gluten Suitable for Vegetarians. EU: Wolkem UK: 0800 2 esto Your stow Product visit www. Visit us at 2 Doritos & the registered tro MULTIPACK E amco",,,"E160b - Annatto,E160bi - Annatto bixin,E262 - Sodium acetates,E300 - Ascorbic acid,E330 - Citric acid,E392 - Extracts of rosemary,E508 - Potassium chloride,E621 - Monosodium glutamate,E635 - Disodium 5'-ribonucleotide",,,,,,PENDING
0000200008423,Thai sweet chilli sensations,"Potatoes, Vegetable Oils (Sunflower, Rapeseed, in varying proportions), Thai Sweet Chilli Seasoning [Sugar, Soya Sauce Powder (contains Wheat), Fructose, Flavouring, Hydrolysed Vegetable Protein (contains Soya) Potassium Chloride, Salt, Dried Onion, Dried Red Chilli Flakes, Dried Garlic, Dried Parsley, Dried Tomato, Paprika Powder, Red Bell Pepper Powder Acidity Regulator (Citric Acid), Colour (Paprika Extract)], Firming Agent (Calcium Lactate Antioxidants (Rosemary Extract, Ascorbic Acid, Tocopherol Rich Extract, Citric Acid). Allergy Advice Contains: See highlighted ingredients May Contain: Milk, Gluten, Barley, Celery, Mustard Suitable for Vegetarians",,,"E160c - Paprika extract,E300 - Ascorbic acid,E306 - Tocopherol-rich extract,E330 - Citric acid,E392 - Extracts of rosemary",,,,,,PENDING
0000200008497,serving contains: Saturates Sugars Salt 0.6g 0.7g,"Potatoes, Vegetable Oils (Sunflower, Rapeseed, in varying proportions), Tomato Ketchup Seasoning [Sugar, Flavourings, Potassium Chloride, Salt, Tomato Powder, Acid (Citric Acid), Colour (Paprika Extract)], Antioxidants (Rosemary Extract, Ascorbic Acid, Tocopherol Rich Extract, Citric Acid). Allergy Advice May Contain: Milk, Wheat, Gluten, Barley, Soya, Celery, Mustard. SUITABLE FOR VEGETARIANS Packaged in a Protective Atmosphere. WALKERS, and the WALKERS logo are registered Trademarks 2025 The HEINZ trademarks are owned by H.J. Heinz Foods UK Limited and are used under license",,,"E160c - Paprika extract,E300 - Ascorbic acid,E306 - Tocopherol-rich extract,E330 - Citric acid,E392 - Extracts of rosemary",,,,,,PENDING
0000200010200,SOME SEE POTATOES WE SEE POTENTIAL 100% GREAT BRIT,"Potatoes, Vegetable Oils (Sunflower, Rapeseed, in varying proportions), Roast Chicken Seasoning [Sugar, Potassium Chloride, Salt Flavourings, Onion Powder, Dried Sage, Aciu (Citric Acid), Colour (Paprika Extract)], Antioxidants (Rosemary Extract, Ascorbic Acid, Tocopherol Rich Extract, Citric Acid). Allergy Advice May Contain: Milk, Soya, Mustard, Wheat and other cereals containing gluten SUITABLE FOR VEGETARIANS Packaged in a Protective Atmosphere WALKERS and the WALKERS logo are registered Trademarks 2025",,,"E160c - Paprika extract,E300 - Ascorbic acid,E306 - Tocopherol-rich extract,E330 - Citric acid,E392 - Extracts of rosemary",,,,,,PENDING
0000200010474,"40 SUME SEL POTATOES, WE SEE POTENTIAL 100% GREAT","Potatoes, Vegetable Oils (Sunflower, Rapeseed, in varying proportions), Smoky Bacon Seasoning (Flavourings, Yeast Extract, Salt, Yeast Powder, Potassium Chloride, Acids (Citric Acid, Malic Acid), Colour (Paprika Extract), Antioxidants (Rosemary Extract, Ascorbic Acid, Tocopherol Rich Extract, Citric Acid) Allergy Advice May Contain: Milk, Soya, Mustard, Wheat and other cereals containing gluten SUITABLE FOR VEGETARIANS Packaged in a Protective Atmosphere WALKERS and the WALKERS logo are registered Trademarks 2025",,,"E160c - Paprika extract,E296 - Malic acid,E300 - Ascorbic acid,E306 - Tocopherol-rich extract,E330 - Citric acid,E392 - Extracts of rosemary",,,,,,PENDING
0000200010487,JAPAN WALKERS STICKY TERIYAKI FLAVOUR POTATO CRISP,"Potatoes, Vegetable Oils (Sunflower, Rapeseed, in varying proportions), Teriyaki Sauce Flavour [Sucrose, Flavourings, Fructose, Potassium Chloride, Salt, Mixed Spices (Ginger Powder, Cayenne Chilli Powder, Anise Powder, Clove Powder, Allspice), Smoked Salt, Acid (Citric Acid), Colour (Paprika Extract), Smoked Maltodextrin], Antioxidants (Rosemary Extract, Ascorbic Acid, Tocopherol Rich Extract, Citric Acid). Allergy Advice May Contain: Milk, Soya, Mustard, Wheat and other cereals containing gluten. Suitable for Vegetarians Packaged in a Protective Atmosphere. WALKERS, and the WALKERS logo are registered Trademarks 2025",,,"E160c - Paprika extract,E300 - Ascorbic acid,E306 - Tocopherol-rich extract,E330 - Citric acid,E392 - Extracts of rosemary",,,,,,PENDING
0000000105,Paleta gran reserva - Sierra nevada-,"Thiamin, Biotin, Chromium, Garcinia cambogia fruit extract, Taurine, Green coffee fruit extract, Caffeine, Inositol, Citric Acid, Natural ,  Artificial Flavors, Sucralose, Spirulina Extract, Beta Carotene",,,"E330 - Citric acid,E955 - Sucralose",,,,,,PENDING
00000025,Frog Fuel Power Protein,"glucose syrup, sugar, water, pectin, black carrot concentrate and chlorophyll (color), citric acid, trisodium citrate, natural flavor",,,"E140 - Chlorophylls and Chlorophyllins,E140i - Chlorophylls,E330 - Citric acid,E331 - Sodium citrates,E331iii - Trisodium citrate,E440 - Pectins",,,,,,PENDING
00000035,Cardiofitmd,"Oat Fiber, Tahl Gum (Acacia seyal), Apple Fiber, Guar Gum, Rice Bran Fiber, Beet Root Powder, Beet Juice Powder, Rhodiola Root Powder, Bacillus Coagulans, Natural Vanilla and Lemonade Flavors, Other Natural Flavors, Malic Acid, Stevia Leaf Extract, Fumaric Acid, Ginger Root Powder, Tartaric Acid",,,"E296 - Malic acid,E297 - Fumaric acid,E334 - L(+)-tartaric acid,E412 - Guar gum,E960 - Steviol glycosides",,,,,,PENDING
00000037,Sea Moss Gummies,"Glucose Syrup, Sugar, Water, Citric Acid, Pectin, Natural Flavors, Sodium Citrate, Coconut Oil, Carnauba Wax",,,"E330 - Citric acid,E331 - Sodium citrates,E440 - Pectins,E903 - Carnauba wax",,,,,,PENDING
00000042,Multivitamins & Minerals,"La cellulose Microcristalline, Maltodextrine, Calcium (Carbonate de Calcium), Vitamine C (Acide ascorbique), Magnésium (0xyde de Magnésium), Fécule de maïis, Vitamine B3 (Nicotinamide), Fer (Fumarate Ferreux), Vitamine E (D-a Acétate de tocophéryle), Palmitate d'ascorbyle, Zinc (0xyde de Zinc), Vitamine B5 (Pantothénate de D-Calcium), Vitamine B2 (Riboflavine), Vitamine B6 (Le Chlorhydrate de Pyridoxine), Manganèse (Sulfate de manganèse), Vitamine B1 (Chlorhydrate de Thiamine). Cuivre (Gluconate cuivrique), Vitamine A (Acétate de Rétinyle), Acide folique, lode (lodure de potassium), Vitamine K2 (Menaquinone-7), Sélénium (Sélénite de sodium), Vitamine B12 (Méthyl cobalamine), Biotine, Molybdène (Molybdate de Sodium), Chrome (Picolinate de chrome), Vitamine D3 (Cholécalciférol). Stabilisateurs: Polyvinylpyrrolidone K 30, Hydroxypropyl méthylcellulose",,,"E1201 - Polyvinylpyrrolidone,E304 - Fatty acid esters of ascorbic acid,E304i - Ascorbyl palmitate,E460 - Cellulose,E460i - Microcrystalline cellulose,E464 - Hydroxypropyl methyl cellulose",,,,,,PENDING
00000052,Organic Erythritol Granulated,100% certified organic granulated erythritol,,,E968 - Erythritol,,,,,,PENDING
00000083,Xanthan gum,xanthan gum,,,E415 - Xanthan gum,,,,,,PENDING
00000085,Alimento,"filtered water, grape juice concentrate, pomegranate juice concentrate, malic acid, fumaric acid, natural flavor, sodium citrate, ascorbic acid (vitamin C), red 40, sucralose, acesulfame potassium, blue 1",,,"E129 - Allura red,E133 - Brilliant blue FCF,E296 - Malic acid,E297 - Fumaric acid,E331 - Sodium citrates,E950 - Acesulfame k,E955 - Sucralose",,,,,,PENDING
00000095,Chopped spinach,"Sugar Cane, Glucose Syrup (Corn Syrup), Water, Citrus Pectin, Citric Acid, Sodium Citrate, Natural and Artificial Flavors, Betacarotene.",,,"E330 - Citric acid,E331 - Sodium citrates,E440 - Pectins",,,,,,PENDING
00000100,,"Beetroot extract, Quercetin, L-Citrulline, Schisandra fruit extract, Pomegranate fruit extract, Pine Bark extract, Hawthorn Berry extract, Celery Seed extract, Cane Sugar, Natural Flavors, Citric Acid",en:mustard,,E330 - Citric acid,,,,,,PENDING
00000128,Il caffè del benessere,"bulking agents(microcrystalline cellulose, dicalcium phosphate), vitamin k2 (mk7), anti-caking agents (magnesium stearate)",,,"E341 - Calcium phosphates,E341ii - Dicalcium phosphate,E460 - Cellulose,E460i - Microcrystalline cellulose,E572 - Magnesium stearate",,,,,,PENDING
00000131,Confiture de fraise mara des bois,"Erythritol, Monk Fruit Extract",,,E968 - Erythritol,,,,,,PENDING
00000134,Erythritol,Eritritol (100%). Store in a cool and dry place. Excessive consumption may have a laxative effect. Almacenar en un lugar fresco y seco. Un consumo excesivo puede producir efectos laxantes. Best Before End/ Batch: See package,,,E968 - Erythritol,,,,,,PENDING
00000138,,"HER SUBSTANCES/NAHRSTOFFE UND SONSTIGE STOFFE/ ANDERE STOFFEN/NUTRIENTES Y OTRAS SUSTANCIAS NUTRIMENTS ET AUTRES SUBSTANCES/NUTRIENTI E ALTRE SOSTANZE per dose giomaliera (-8g. 2.s Niacin/Niacine/Niacine daily dosage/pro Tagesdosis/ per dagelijkse desering/ per dosis data par d /2 Messlöffel/2 mantlepels/2 cucharas medidores/2 cuillères de me Creatine monohydrate/Kreatin Monohydrat/Creatine monohydraat/ Monohidrato de creatina/Créatine monohydrate/Creatina Monoidrato Beta-alanine/Beta-Alanin/Beta alanine / Beta alanina L-arginine AKG/L-Arginin AKG/L-arginina AKG Taurine/Taurin/Taurine Citrulline-L-malate/Citrullin-L-Malat/Citrulline-L-malaat/L-malato de citrulina / Citrulline L-malate/Citrullinama L-tyrosine/L-Tyrosin/L-tirosina Caffeine/Koffein/Cafeine/Cafeina/Caféine / Caffeina *300% nutrient reference value according to regulation (EU) 1169/2011./300% Nährstoffbezugswerte laut VO (EU) Nr 1169/2011 volgens de voedingsrichtlijn (EU) n. 1169/2011.7300% porcentaje de la cantidad de referencia con arreglo al reglamento (UE) no. 1169 de la quantité de référence au titre du règlement (UE) N° 1169/2011 par posologie quotidienne recommandée/300% percentuale omaliero di cui al regolamento (UE) n. 1169/2011 EAN: 4260640857341 dry and dark place, out of geschätzt und außerhalb der www Reichweite von Kindem aufbe buiten het licht en buiten een koele, droge plaats, het bereik van kinderen are alejado de la ley had a grey wa alcance de los niños X001FTU38R Best before end, batch number, see print.",,,E369 - Alanin,,,,,,PENDING
00000141,EnergyDiet. Soupe Thai,"proteine isolate di soia, aromi, proteine isolate di pisello, proteine concentrate di riso, proteine in polvere di semi di girasole, proteine di semi di zucca, farina di amaranto, cannella in polvere, sucralosio, glicosidi steviolici da stevia",,,"E955 - Sucralose,E960a - Steviol glycosides from Stevia",,,,,,PENDING
00000152,Pure Creatine Monohydrate,"Sweeteners: erythritol (E-968) and steviol glycosides from stevia (E-960a) (0,3%).",,,"E960a - Steviol glycosides from Stevia,E968 - Erythritol",,,,,,PENDING
00000165,Paradies creme nougat,"Vitamin D3, Vitamin K2, Microcrystalline cellulose, Modified cellulose capsule, Magnesium stearate, Silicon dioxide",,,"E460 - Cellulose,E460i - Microcrystalline cellulose,E572 - Magnesium stearate",,,,,,PENDING
00000169,herbalife boisson instantanée thé,"maltodextrine,extrait de feuilles de thé vert 17% ,extrait de feuille de thé orange pekoe 4,7% , arôme, caféine en poudre , édulcorant ( glucoside de stéviol issu de stevia) , poudre de fleur d'hibiscus ( 0,06%) , extrait de graine de cardamole(0,06%)",,,E960a - Steviol glycosides from Stevia,,,,,,PENDING
00000177,Bio Gerstengras Pulver,"Sorbitol, Glycerin , Water, Carboxymethylcellulose sodium, Potassium sorbate",,,"E202 - Potassium sorbate,E420 - Sorbitol,E422 - Glycerol",,,,,,PENDING
00000189,Vegan Protein Mango,"74,2 % d'isolat de protéines de pois. 15% de concentré de protéines de riz. mélange d'arômes (dextrose, acide (acide citrique), arôme naturel, arôme, colorant (beta-carotène), édulcorant (saccharine de sodium)), arôme naturel, épaississant (gomme de guar), arôme. colorant (bêta - carotène), édulcorant (sucralose). Ce produit contien 20 portions.",,,"E160a - Carotene,E160ai - Beta-carotene,E330 - Citric acid,E412 - Guar gum,E954 - Saccharin and its salts,E955 - Sucralose",,,,,,PENDING
00000226,Naturelo,"Methylcellulose coloring, preservatives, flavOng, or ount Per Serving tamin D3 as Plant-based Cholecalciferol from %DV 125 mcg 625% (5,000 IU) Capsule. Formulated and",,,E625 - Magnesium diglutamate,,,,,,PENDING
00000253,Matcha Latte,"Erythritol, Organic Japanese Matcha Green Tea, Monk Fruit Extract",,,E968 - Erythritol,,,,,,PENDING
00000261,Prebiotic Fiber Gummies,"Chicory root fiber, water, pectin, agar agar, tapioca starch, trisodium citrate, citric acid, natural flavors, black carrot concentrate, chlorophyll, carnauba wax.",,,"E140 - Chlorophylls and Chlorophyllins,E140i - Chlorophylls,E330 - Citric acid,E331 - Sodium citrates,E331iii - Trisodium citrate,E406 - Agar,E440 - Pectins,E903 - Carnauba wax",,,,,,PENDING
00000273,Superfruit Organic Freezie Pops,"Organic white grape juice, Organic apple juice, Organic strawberry purée, Organic lemon juice, Organic guar gum, Organic strawberry flavor, Organic mango purée, Organic mango flavor, Organic blueberry purée, Organic pomegranate juice, Organic berry flavor",,,E412 - Guar gum,,,,,,PENDING
00000281,dreamtime,"Sucre, Reguler d'acidite: E330 (Acide Citrique), Extrait de The Noir (1%), Arco. *Per 20g (as sold/ Pour 20g Per 100g (as sold)/ Pour 100g NUTRITIONAL FACTS/",,,E330 - Citric acid,,,,,,PENDING
00000283,Irish Sea Moss,"Irish Sea Moss Extract 10:1 (Chondrus crispus), Hypromellose, microcrystalline cellulose",,,"E460 - Cellulose,E460i - Microcrystalline cellulose,E464 - Hydroxypropyl methyl cellulose",,,,,,PENDING
00000289,Passiflore BIO,"COMPLEMENT ALIMENTAIR Ingrédients pour 3 comprimes Poudre de passiflore parties aériennes&quot; 1200 mg, carbonate de magnesium, talc. Poids net : 90 g Produit issu de l'agriculture biologique FR-BIO-01 Agriculture UE/non U (voir au fond)",,,"E553 - Magnesium silicates,E553b - Talc",,,,,,PENDING
00000310,Miel crémeux,"Tapioca syrup, soluble corn fiber, organic evaporated cane juice, fruit and vegetable juice and pulp powder, cocoa, concord grape, pomegranate, blueberry, green tea, cranberry, ginger root, blackberry, bilberry, raspberry, artichoke leaf, elderberry, black currant, pectin, citric acid, natural flavor, ascorbic acid, coating, organic sunflower oil, organic carnauba wax, sunflower d-alpha tocopherol, tangerine, grape seed, lactic acid",,,"E270 - Lactic acid,E330 - Citric acid,E440 - Pectins,E903 - Carnauba wax",,,,,,PENDING
00000341,Hydration Mix,"Vitamin B Blend, Biotin, Choline Bitartrate, Vitamin B12, Folic Acid, Inositol, Niacin, Pantothenic Acid, Riboflavin, Thiamine Hydrochloride, Amino Acid Blend, L-Leucine, L-Valine, L-Isoleucine, Glycine, L-Glutamine, Taurine, Mineral Blend, Calcium, Magnesium, Potassium, Zinc, Natural Flavour, Citric Acid, Sodium Chloride, Sucralose, Silicon Dioxide, Beet Root Powder, Stevia Leaf Extract, Spirulina Extract, Elderberry Extract, Fruit and Vegetable Juice, Malic Acid, Calcium Silicate, Calcium Lactate, Calcium Phosphate, Calcium Carbonate, Magnesium Oxide, Magnesium Phosphate, Magnesium Carbonate, Magnesium Hydroxide, Magnesium Sulfate, Magnesium Chloride, Potassium Citrate, Potassium Bicarbonate, Potassium Chloride, Potassium Phosphate, Potassium Sulfate, Zinc Citrate, Zinc Gluconate, Zinc Oxide, Zinc Sulfate, Zinc Hydroxide, Zinc Carbonate, Zinc Chloride, Zinc Acetate, Zinc Picolinate, Zinc L-Carnosine, Zinc Aspartate, Zinc Orotate, Zinc Glycinate, Zinc Methionine, Zinc Histidine, Zinc Carnosine, Zinc Monomethionine, Zinc Bisglycinate, Zinc Hydrolyzed Vegetable Protein Chelate",,,"E296 - Malic acid,E330 - Citric acid,E515 - Potassium sulphates,E552 - Calcium silicate,E640 - Glycine and its sodium salt,E640i - Glycine,E955 - Sucralose,E960 - Steviol glycosides",,,,,,PENDING
00000348,Puremade Flavored Syrup,"pure cane sugar, water, natural flavors, fruit juice (for color), citric acid",,,E330 - Citric acid,,,,,,PENDING
