code,product_name,ingredients_text,allergens,allergens_en,additives_en
000000000063,M&amp;M white,"Weizenmehl, Rapsöl, Speisesalz, 1,7% Meersalz, Fefe, Gerstenmaizextrakt, Säureregulator: Natrium - hydroxid; Backtriebnittel: Ammoniumcarbonate. Das Produkt kann Spuren von Sesam enthalten. DURCHSCHNITTLICHE NÄHRWERTE - pro %RM* 100g pro 100g Brennwert kJ/kcal 1630/385 19% Fett 3,7g 5% davon: - gesättigte Fettsäuren 0,6g 3% Kohlenhydrate 74,0g 28% davon: - Zucker 2,4g 3% Ballaststoffe 3,9g 12,0g 24% Eiweiß 3,9g 65% Salz *Referenzmenge für einen durchschnittlichen Erwachsenen (8400 kJ/2000 kcal) AP EDEKA KUNDEN UND ERNÄHRUNGSSERVICE 2509 (",,,
0000000105,Paleta gran reserva - Sierra nevada-,"Thiamin, Biotin, Chromium, Garcinia cambogia fruit extract, Taurine, Green coffee fruit extract, Caffeine, Inositol, Citric Acid, Natural ,  Artificial Flavors, Sucralose, Spirulina Extract, Beta Carotene",,,"E330 - Citric acid,E955 - Sucralose"
00000007,granola Bio le Chocolaté,HONIG stillende Frauen nicht geeignet. D bestrahlung vermeiden und be trocken lagern. X000V0XH07,,,
00000008,,"Sojaproteinisolat, Weizen - protein, Kaffee-Extrakt (6 %), Reisprotein, Erbsenprotein - isolat, Kakaopulver stark ent - ölt, Sonnenblumenprotein, Mandelprotein, Aroma, Sü - Bungsmittel (Sucralose).",,,E955 - Sucralose
00000010,xxx,"Farine de blé 33%, sucre, huile de colza, œufs de poules élevées en plein air 18%, sirop de glucose-fructose, Un stabilisant : glycérol, poudres à lever : carbonates d'ammonium-carbonates de sodium - citrates de sodium (blé), sel, gluten de blé, lait écrémé en poudre, fibres végétales, arôme naturel.","en:eggs,en:gluten,en:milk",,"E331 - Sodium citrates,E422 - Glycerol,E503 - Ammonium carbonates"
00000013,Powdered peanut butter,"Water, Leptospermum Scoparium Mel (Manuka Honey), Sodium C14-C16 Olefin Sulfonate, Cocamide DIPA ,  Cocamidopropyl Betaine (Coconut Oil), Cocamidopropyl Betaine (Coconut Oil), Glycereth-2 Cocoate, Melaleuca Alternifolia (Tea Tree) Leaf Oil, Malus Domestica Fruit Cell Culture Extract, Phenoxyethanol (and) Ethylhexylglycerin",,,
00000015,Madeleines ChocoLait,"Farine de blé 27%, chocolat au lait 18% (sucre, beurre de cacao, lait entier en poudre, pâte de cacao, émulsifiant : lécithines (soja), arôme naturel de vanille), sucre, huile de colza, œufs de poules élevées en plein air 14.5%, sirop de glucose-fructose, stabilisant : glycérol, poudres à lever : carbonates d'ammonium - carbonates de sodium - citrates de sodium (blé), sel, gluten de blé, lait écrémé en poudre, fibres végétales, arôme naturel. Peut contenir des traces de fruits à coque.",,,"E322 - Lecithins,E322i - Lecithin,E331 - Sodium citrates,E422 - Glycerol,E500 - Sodium carbonates,E503 - Ammonium carbonates"
00000016,velvety vanilla cake mix,Beef liver,,,
00000017,Collagen For Her,"whey protein concentrate, milk protein concentrate, flavoring, thickener (xanthan gum), sweetener (sucralose)",,,"E415 - Xanthan gum,E955 - Sucralose"
00000020,Nesquik moins de sucre,"Nuts (Peanuts, Almonds), Prebiotic Blend (Tapioca Fiber, Vegetable Fiber), Protein Blend (Pea Protein Crisps [Pea Protein, Tapioca Starch], Pea Protein), Natural Flavors, Peanut Flour, Coconut Oil, Unsweetened Chocolate, Cocoa, Cocoa Butter, Sea Salt, Lion's Mane, Stevia Plant Extract, Vitamin E","en:eggs,en:gluten,en:milk,en:soybeans",,
00000021,Inulin Prebiotic Fiber,Inulin Prebiotic Fiber (Chicory Root Powder),,,
00000022,Farandole de madeleine,"Madeleines ChocoNoir - Madeleines nappées de chocolat noir : farine de blé 27%, chocolat noir 18% (pâte de cacao, sucre, beurre de cacao, matière grasse laitière anhydre, émulsifiant : lécithines (soja), arôme naturel de vanille), sucre, huile de colza, œufs de poules élevées en plein air 14.5%, sirop de glucose-fructose, stabilisant : glycérol, poudres à lever : carbonates d'ammonium - carbonates de sodium - citrates de sodium (blé), sel, gluten de blé, lait écrémé en poudre, fibres végétales, arôme naturel. Peut contenir des traces de fruits à coque. Toutes vos remarques et suggestions sont les bienvenues : contactez notre Service Qualité en indiquant le nom et le numéro du lot du produit concerné figurant sur le dessus de la boîte. Pour conserver toutes les qualités de ce produit, le maintenir dans un milieu tempéré à l'abri de la chaleur, de l'humidité et du froid.",,,"E322 - Lecithins,E322i - Lecithin,E331 - Sodium citrates,E422 - Glycerol,E500 - Sodium carbonates,E503 - Ammonium carbonates"
00000024,Croccante con pistacchi e miele,"Pommes séchées - Dried Apple* Origine: Autriche - Origin: Austria Ce produit provient d'une fabrique où les noix, cacahuètes, sésame, blé et gluten sont utilisés. This producti 024",,,
00000025,Frog Fuel Power Protein,"glucose syrup, sugar, water, pectin, black carrot concentrate and chlorophyll (color), citric acid, trisodium citrate, natural flavor",,,"E140 - Chlorophylls and Chlorophyllins,E140i - Chlorophylls,E330 - Citric acid,E331 - Sodium citrates,E331iii - Trisodium citrate,E440 - Pectins"
00000026,The Smartest Cookie,"beef, seasoning (sugar, garlic, onion, salt, spices), soy sauce (water, wheat, soybeans, salt), water, liquid smoke, sodium nitrite",,,E250 - Sodium nitrite
00000027,Volle yoghurt,NIK ODŻYWCZY WSPIERA PRAWIDŁOWE FUNKCJONOWANIE ORGANIZMU ZESKANUJ WIĘCEJA SPOTKAJMY SIN SPRÓBLU JAK PYSZNA IWARTOŚCIOWA MOŻE BYĆ TWOJA PRZEKĄSKA mieste dal twistenue p amach ne zachowania,,,
00000028,Hershey’s Syrup,Organic Defatted Hemp Seed Powder. Certified Organic by Quality Assurance International (QA).,,,
00000029,Anthony's Organic Cocoa Butter Chunks,Allulose,,,
00000031,Lindt Vollmilch Schokolade,"salt, potato starch, palm oil, yeast extract, sugar, chicken fat, flavouring, chicken powder, onion powder, turmeric powder, celery seed, parsley, rice flour, black pepper, lemon juice powder",,,
00000033,Vegan Protein 3k Chocolate Flavor,MAT TRACCIATO PERONI 10 INDISCUTIBILME 46,,,
00000034,Graines de Chia,Graines de chia,,,
00000035,Cardiofitmd,"Oat Fiber, Tahl Gum (Acacia seyal), Apple Fiber, Guar Gum, Rice Bran Fiber, Beet Root Powder, Beet Juice Powder, Rhodiola Root Powder, Bacillus Coagulans, Natural Vanilla and Lemonade Flavors, Other Natural Flavors, Malic Acid, Stevia Leaf Extract, Fumaric Acid, Ginger Root Powder, Tartaric Acid",,,"E296 - Malic acid,E297 - Fumaric acid,E334 - L(+)-tartaric acid,E412 - Guar gum,E960 - Steviol glycosides"
00000036,Multi Patents Collagen Peptides,"Multi Collagen Complex, Hydrolyzed Bovine Collagen Peptides, Hydrolyzed Fish Collagen Peptides, Chicken Bone Broth Protein Concentrate, Eggshell Membrane Collagen, Hyaluronic Acid, Superfoods Blend (Millet, Amaranth, Apple Pulp, Kale, Quinoa, Buckwheat, Cinnamon, Chia Seed, Flax Seed, Barley Sprout, Millet Sprout, Garbanzo Bean Sprout, Alfalfa Sprout, Pumpkin Seed Sprout, Flax Oil, Sunflower Seed, Lentil Sprout, Adzuki Sprout, Broccoli Sprout, Sunflower Seed Sprout, Wheat Grass, Oat Grass, Spinach, Green Bell Pepper, Turmeric, Banana, Cranberry, Mango, Beet, Broccoli, Carrot, Spinach, Onion, Blueberry, Parsley, Raspberry, Strawberry, Asparagus, Celery, Cucumber, Chlorella, Spirulina, Graviola Leaf, Mangosteen, Noni Fruit, Acai, Pomegranate, Grape)",,,
00000037,Sea Moss Gummies,"Glucose Syrup, Sugar, Water, Citric Acid, Pectin, Natural Flavors, Sodium Citrate, Coconut Oil, Carnauba Wax",,,"E330 - Citric acid,E331 - Sodium citrates,E440 - Pectins,E903 - Carnauba wax"
00000039,Yerba Mate,"Nutrition Facts 20 servings per container Serving size (1.7oz.) in 16.9 fl.oz.water Amount per serving Calories 21 Total Carbohydrate 4.7mg Protein 0.6g Total Fat Og % Daily Value* 2% 1% 0% Saturated Fat Og Trans Fat Og Dietary Fiber Og 0% 0% 0% Sodium 6mg Percent Daily Values are based on a 2,000 calories diet. Nutrition Facts Valeur nutritive Per 250 ml brewed mate (from 60 g dry leaves) pour 250 ml de maté infusé (à partir de 60 g de feuilles sèches) Amount Teneur % Daily Value Calories/Calories Fat/Lipides Sodium/Sodium Carbohydrate/Glucides 6 g % valeur quotídien ne 0% 2% 25 Og 10 mg 0% 1g Sugars/Sucres Protein/Protéines. Source négligeable de lipides saturés, lipides trans, cholestérol, fibres, vitamine A, vitamine C, calcium et fer. gg 210",,,
00000042,Multivitamins & Minerals,"La cellulose Microcristalline, Maltodextrine, Calcium (Carbonate de Calcium), Vitamine C (Acide ascorbique), Magnésium (0xyde de Magnésium), Fécule de maïis, Vitamine B3 (Nicotinamide), Fer (Fumarate Ferreux), Vitamine E (D-a Acétate de tocophéryle), Palmitate d'ascorbyle, Zinc (0xyde de Zinc), Vitamine B5 (Pantothénate de D-Calcium), Vitamine B2 (Riboflavine), Vitamine B6 (Le Chlorhydrate de Pyridoxine), Manganèse (Sulfate de manganèse), Vitamine B1 (Chlorhydrate de Thiamine). Cuivre (Gluconate cuivrique), Vitamine A (Acétate de Rétinyle), Acide folique, lode (lodure de potassium), Vitamine K2 (Menaquinone-7), Sélénium (Sélénite de sodium), Vitamine B12 (Méthyl cobalamine), Biotine, Molybdène (Molybdate de Sodium), Chrome (Picolinate de chrome), Vitamine D3 (Cholécalciférol). Stabilisateurs: Polyvinylpyrrolidone K 30, Hydroxypropyl méthylcellulose",,,"E1201 - Polyvinylpyrrolidone,E304 - Fatty acid esters of ascorbic acid,E304i - Ascorbyl palmitate,E460 - Cellulose,E460i - Microcrystalline cellulose,E464 - Hydroxypropyl methyl cellulose"
00000045,Gummie,"acrylate adhesive, polyester, silicone adhesive",,,
00000049,Mre Lite,"Whole Food Protein Blend (Beef Protein Isolate, Pea Protein, Brown Rice Protein, Chicken Protein, Egg Albumin, Salmon Protein), Milk Powder (for texture), Medium Chain Triglyceride (MCT) Oil Powder (Nonfat Dry Milk, Potassium Phosphate), Natural and Artificial Flavors, Cellulose Gum, Sucralose, Acesulfame Potassium, Maltodextrin, Salt, Silicon Dioxide",,,"E340 - Potassium phosphates,E466 - Sodium carboxy methyl cellulose,E950 - Acesulfame k,E955 - Sucralose"
00000050,Thermo complete,"tions melles microcristalline), extrait de thé vert (Camellia sinensis), amidon de mais, rinés % VNR* extrait de cacao (Theobroma cacao), ng.... 50 % extrait de yerba maté (llex paraguariensis), poudre de caféine, poudre de cannelle Bmng Cinnamomum verum), anti-agglomérants ng (dioxyde de silicium, acides gras, mg carboxyméthylcellulose de sodium, sels ing ing de magnésium d'acides gras), poudre ng de céleri (Apium graveolens), poudre ing de persil (Petroselinum crispum), acide L-ascorbique, poudre de luzerne (Medicago sativa), poudre de fenouil (Foeniculum vulgare), enrobage du comprimé lagent d'enrobage (carboxyméthylcellulose de sodium), dextrine, dextrose, émulsifiant ing Amg 2mg ste derencelécithine de soja)l, poudre de réglisse te dage (Glycyrrhiza glabra). Conseil : pour les relulose AFERIROPE LIMITED allergènes, voir les ingrédients en gras. ©2015 HERBALIFE LOO5OF R-05 SK Uo050",en:celery,,"E1400 - Dextrin,E466 - Sodium carboxy methyl cellulose,E551 - Silicon dioxide,E570 - Fatty acids"
00000051,Fondants Citron,"mûre bio 50% (fruit 27%, purée 23%) sucre de canne bio, gélifiant: pectine de fruits, traces éventuelle de fruit à coques","en:eggs,en:gluten,en:milk,en:nuts",,E440 - Pectins
00000052,Organic Erythritol Granulated,100% certified organic granulated erythritol,,,E968 - Erythritol
00000055,Calcium,"Sucre, blanc d'œufs 19%, beurre concentré, chocolat noir 12.5% (pâte de cacao, sucre, beurre de cacao, matière grasse laitière anhydre, émulsifiant: lécithines (soja), arôme naturel de vanille), poudre d'amande 12%, farine de blé 11%, ceufs 5.5%, sirop de glucose-fructose, stabilisant : glycérol, cacao maigre en poudre, sel, arôme naturel de cacao. Peut contenir des traces d'autres fruits à coque.","en:eggs,en:gluten,en:milk,en:nuts,en:soybeans",,"E322 - Lecithins,E322i - Lecithin,E422 - Glycerol"
00000056,juca,leite  egua,,,
00000062,Abricots,Abricots,,,
00000067,,"Füllstoff (Mikrokristalline Cellulose), Zinkglu - conat, Modifizierte Stärke, Biotin (Vitamin B7), Natriumselenit.",,,
00000068,,"Kakaomasse*, Rohrzucker*, 10% karamellisierte Kokosflocken* (Kokosnuss*, Rohrzucker*), Kakaobutter*. *aus biologischer Landwirtschaft Kakao: 72%",,,
00000072,Protien iced tea,"Aqua, Cocos Nucifera Fruit Juice, Aloe Barbadensis Leaf Juice, Butyrospermum Parkii Butter, Dicaprylyl Carbonate, Caprylic/Capric Triglyceride, Olea Europaea Fruit Oil, Cetearyl Alcohol, Glyceryl Stearate SE, Hexyidecanol, Hexyldecyl Laurate, Hydrogenated Vegetable Glycerides, Argania Spinosa Kernel Oilt, Glycerin, Squalane, Sodium Hyaluronate, Cucumis Sativus Extract, Sodium Stearoyl Glutamate, Glyceryl Caprylate, Toco- pherol (Vitamin E), Xanthan Gum, Sodium Phytate, Sodium Ben- zoate, Citric Acid, Sodium Levulinate, Sodium Anisate, Parfum &quot;certified organic X000WD7L2D",,,"E330 - Citric acid,E415 - Xanthan gum,E422 - Glycerol,E502 - Carbonates,E621 - Monosodium glutamate"
00000073,Whopper,"660mg 440mg the UK.) MADE IN UK LYON J765624.v00 X000KLI7E3 of water. CAUTION: Do recommended do pregnant, breast prescription medic daily with medical supervision advisable to const taking any suppleme product is not intend cure or prevent any Discontinue use and GP if adverse reacto Not suitable for pers the age of 18. Keep of children at all in use if seal is broken Food supplements be used as a s subs varied and balan healthy lifestyle EAN: 713179312293",,,
00000075,,"potato, high oleic sunflower oil (31%) flavourings, rice flour, salt, cornflour sugar, citric acid,",,,E330 - Citric acid
00000083,Xanthan gum,xanthan gum,,,E415 - Xanthan gum
00000085,Alimento,"filtered water, grape juice concentrate, pomegranate juice concentrate, malic acid, fumaric acid, natural flavor, sodium citrate, ascorbic acid (vitamin C), red 40, sucralose, acesulfame potassium, blue 1",,,"E129 - Allura red,E133 - Brilliant blue FCF,E296 - Malic acid,E297 - Fumaric acid,E331 - Sodium citrates,E950 - Acesulfame k,E955 - Sucralose"
00000086,Vegan protein powder,leite  egua,,,
00000087,leite egua,leite  egua,,,
00000093,Organic Cacao Powder,Poudre de cacao bio du Ghana et de la Côte d'Ivoire.,,,
00000095,Chopped spinach,"Sugar Cane, Glucose Syrup (Corn Syrup), Water, Citrus Pectin, Citric Acid, Sodium Citrate, Natural and Artificial Flavors, Betacarotene.",,,"E330 - Citric acid,E331 - Sodium citrates,E440 - Pectins"
00000097,example,exemples1 and examples2,,,
00000100,,"Beetroot extract, Quercetin, L-Citrulline, Schisandra fruit extract, Pomegranate fruit extract, Pine Bark extract, Hawthorn Berry extract, Celery Seed extract, Cane Sugar, Natural Flavors, Citric Acid",en:mustard,,E330 - Citric acid
00000101,Vegan plus sostituto del pasto,Maltodextrin and Stevia,,,
00000103,children's dha,I want to know,,,
00000104,30 Panach' Fruits,"Pâtisseries fourrées à la pulpe de pêche : farine de blé, fourrage pêche 20% (sirop de glucose-fructose, purée de pêche 50%*, sucre, gélifiant : pectines, correcteurs d’acidité : acide citrique - citrates de sodium, arômes, conservateur : sorbate de potassium), huile de colza, œufs frais, sucre, sirop de glucose-fructose, stabilisant : glycérol, poudres à lever : carbonates d’ammonium - carbonates de sodium - diphosphates (blé), sel, lait écrémé en poudre, émulsifiants : mono et diglycérides d’acides gras, arôme. *% exprimé sur le fourrage équivalent à 10% sur l’ensemble du produit. Pâtisseries fourrées à la pulpe d'abricot : farine de blé, fourrage abricot 20% (sirop de glucose-fructose, purée d'abricot 50%*, sucre, gélifiant : pectines, correcteurs d’acidité : acide citrique - citrates de sodium, arômes, conservateur : sorbate de potassium), huile de colza, œufs frais, sucre, sirop de glucose-fructose, stabilisant : glycérol, poudres à lever : carbonates d’ammonium - carbonates de sodium - diphosphates (blé), sel, lait écrémé en poudre, émulsifiants : mono et diglycérides d’acides gras, arôme. *% exprimé sur le fourrage équivalent à 10% sur l’ensemble du produit. Pâtisseries fourrées à la pulpe de fruits rouges : farine de blé, fourrage fruits rouges 20% (sirop de glucose-fructose, purée de fraise 17.8%*, sucre, purée de framboise concentrée 5%* (équivalent à 21.2%* de purée de framboise), purée de cerise concentrée 3%* (équivalent à 11%* de purée de cerise), gélifiant : pectines, correcteurs d’acidité : acide citrique - citrates de sodium, arôme, conservateur : sorbate de potassium), huile de colza, œufs frais, sucre, sirop de glucose-fructose, stabilisant : glycérol, poudres à lever : carbonates d’ammonium - carbonates de sodium - diphosphates (blé), sel, lait écrémé en poudre, émulsifiants : mono et diglycérides d’acides gras, arôme. *soit un équivalent de 50% de purée de fruits sur le fourrage équivalent à 10% sur l’ensemble du produit.",,,"E202 - Potassium sorbate,E330 - Citric acid,E331 - Sodium citrates,E422 - Glycerol,E440 - Pectins,E450 - Diphosphates,E471 - Mono- and diglycerides of fatty acids,E500 - Sodium carbonates,E503 - Ammonium carbonates"
00000106,Snep vegan plus,REFILL YOUR BOTTLE ECONOMIC REFILL &quot; Hydratant Visage et Corps. &quot; Reparateur et cicatrisant. &quot; Gel apres-rasage et apres epilation. &quot; Gel pour la barbe. &quot; Reparateur apres soleil. Soin pour les animaux de compagnie. B. .T. cosmetic,,,
00000108,BP-ER,100% PURE BOVINE COLLAGEN PEPTIDES,,,
00000111,Vegan plus,"Hvetemel, melbehandlingsmiddel (askorbinsyre). Inneholder 80% av kornets bestanddeler.",,,
00000112,Plus,"wate NUTRITIONAL INFORMATION for 250 ml of product ready for consumption INFORMAZIONI NUTRIZIONALI per 250 ml di prodotto pronto da consumare Valore Energetico/Energy 905,67 kJ/215,13 kcal%VNR Grassi, di cui: /Fat, of which: ac acidi grassi saturi / Saturates grassi monoinsaturi monounsaturated fatty acids acidi grassi poli insaturi polyunsaturated fatty acids di cui acido linoleico/ of which linoleic acid Carboidrati/Carbohydrate di zuccheri/of which sugar Fibry limentari /Fiber Pro/Protein Vitamina B12/Vitamin B12 Biotina (Vitamina H) /Biotin (Vitamin H) Vitamina K/Vitamin K Acido Pantotenico (Vitamina B5)/ Pantothenic Acid (Vitamin B5) Minerali/Minerals Potassio / Potassium Calcio/Calcium Fosforo/Phosphorus Magnesio/Magnesium Sale Vita e/Vitamins Vitara A/Vitamin A Vitana D/Vitamin D Vitamina E /Vitamin E Vitamina C/Vitamin C Tiamina (Vitamina B1)/Thiamine (Vitamin B1) 0,44 mg Riboflavina (Vitamina B2) / Riboflavin (Vitamin B2) 0,56 mg Niacina (Vitamina B3) / Niacin (Vitamin B3) 6,4 mg Piridossina (Vitamina B6) /Pyridoxine (Vitamin B6) 0,56 mg Folato/Folate Ferro/Iron Zinco/Zinc Rame/Copper 6,799 2,95 g 2,29 g Manganese/Manganese Selenio/Selenium loddine Sodio/Sodium Ganoderma ES/DE 1,55 g 1,08 g 22,06 g 19,77 g 1,29 g 16,7 g 0,614 g 320 mcg 40% 2 mcg 40% 4,8 mg 40% 32 mg 40% 40% 40% 40% 40% 50% 100 mcg 1,25 mcg 50% 20 mcg 40% 22,5 mcg 30% 2,4 mg 40% 760 mg 38% 397 mg 49,6% 280 mg 40% 150 mg 40% 5,3 mg 38% 3,8 mg 38% 0,4 mg 40% 0,8 mg 40% 22 mcg 40% 60 mcg 40% Ingredients P Fruttosio, Fibra di me Latte in polvere Ma 245,44 mg 200 mg germe di grandi p magnesio, Inulina Ad xantano, Fosfato d (Ganoderma lucidan sporophorum ES C Vitamina C (Acido L di zinco, Agente antag di silicio, Solfato manganese, Na Vitamina E (Aceto de Vitamina A (Acetato de di rame; Vitamina B5 Ca to); Vitamina 03 (Cole B6 (Cloridrato di pride (Riboflavina), Vitamina tiamina); Vitamina KFlac 89 (Acido pteroil-morga di potassio, Selenito da Vitamina B12 (Canecabalim Ingredients: Soy protes Fructose; Apples ber citrate; Powdered m Wheat germ all powde magnesio; Inulina Gomma di xantang Fo Ganoderma Gand (Curtis) P. Karst) sporphe mg); Vanilla flavour Vo bic Acids Zinc glo agent Silicon diode Manganese glucone n mide: Vitamin E AR cofer); Vitamin A Copper gluconate D-Pantothenic 20 ferol): Vitamin 86 P ride); Vitamin 82 Re B1 (Thiamine bydecho (Phylloquinone noglutamic acid P Sodium selende Do &quot;per porzione da 26 g con 250 ml latte parz. scremato (1,5% grassi) (Cyanocobal **serving of 26 g with 250 ml low-fat milk (1,5% fat) &quot;VNR=",,,E101 - Riboflavin
00000116,Vanille-Erdbeer-Cocktail,"Sunflower Seed Butter (Roasted Sunflower Kernel, Dried Cane Syrup, Salt), Vegetable Glycerin, Tapioca Syrup, Rice Crisps (Rice Flour, Rice Bran, Raisin Juice Concentrate, Honey, Salt), Flour Mix (Rice, Buckwheat, Millet), Date Paste, Quinoa Flakes, Rice Starch, Dried Cane Syrup, Puffed Amaranth, Brown Cane Sugar, Ground Flaxseed, Gum Arabic, Xanthan Gum, Salt, Natural Flavor, Leavening (Baking Soda), Vitamins and Minerals (Niacin, Riboflavin, Vitamin B6, Thiamin, Calcium).",,,"E414 - Acacia gum,E415 - Xanthan gum,E422 - Glycerol,E500 - Sodium carbonates,E500ii - Sodium hydrogen carbonate"
00000124,Maté Yerba mate,FR Yerba maté Ingrédients issus de l'agriculture biologique - UK - Yerba mate *Ingredients resulting from organic farming - DE Yerba Mate Zutaten aus ökologischer Anbau - ES - Yerba mate Ingredientes procedentes de la agricultura ecologica - IT - Yerba mate &quot;Da agricultura biologica Yerba Maté 1KG contact@origeens.com origeens com X00124QSJD GEMYNO SAS 8 allée des Hirondelles 60190 Estrées St Denis FRANCE Distribution certified by FR-BIO-09,,,
00000127,Whey Protein - Chocolate,"L-choline-bitartrate 168mg, extrait de racine de chicorée de Bruxelles (Cichorium intybus L. sativum) 350mg, enveloppe de la capsule (hydroxypropylméthycellulose), extrait de coeur et de pétale d'artichaut (Cynara scolymus) 210mg, extrait de racine de pissenlit (Taraxacum officinale) 210mg, extrait de rhizome de curcuma (Curcuma longa) 140mg dont 95% de curcuminoïdes 133mg",,,
00000128,Il caffè del benessere,"bulking agents(microcrystalline cellulose, dicalcium phosphate), vitamin k2 (mk7), anti-caking agents (magnesium stearate)",,,"E341 - Calcium phosphates,E341ii - Dicalcium phosphate,E460 - Cellulose,E460i - Microcrystalline cellulose,E572 - Magnesium stearate"
00000131,Confiture de fraise mara des bois,"Erythritol, Monk Fruit Extract",,,E968 - Erythritol
00000134,Erythritol,Eritritol (100%). Store in a cool and dry place. Excessive consumption may have a laxative effect. Almacenar en un lugar fresco y seco. Un consumo excesivo puede producir efectos laxantes. Best Before End/ Batch: See package,,,E968 - Erythritol
00000137,Peanut Brittle,"Sugar, glucose syrup, peanuts (30%)",,,
00000138,,"HER SUBSTANCES/NAHRSTOFFE UND SONSTIGE STOFFE/ ANDERE STOFFEN/NUTRIENTES Y OTRAS SUSTANCIAS NUTRIMENTS ET AUTRES SUBSTANCES/NUTRIENTI E ALTRE SOSTANZE per dose giomaliera (-8g. 2.s Niacin/Niacine/Niacine daily dosage/pro Tagesdosis/ per dagelijkse desering/ per dosis data par d /2 Messlöffel/2 mantlepels/2 cucharas medidores/2 cuillères de me Creatine monohydrate/Kreatin Monohydrat/Creatine monohydraat/ Monohidrato de creatina/Créatine monohydrate/Creatina Monoidrato Beta-alanine/Beta-Alanin/Beta alanine / Beta alanina L-arginine AKG/L-Arginin AKG/L-arginina AKG Taurine/Taurin/Taurine Citrulline-L-malate/Citrullin-L-Malat/Citrulline-L-malaat/L-malato de citrulina / Citrulline L-malate/Citrullinama L-tyrosine/L-Tyrosin/L-tirosina Caffeine/Koffein/Cafeine/Cafeina/Caféine / Caffeina *300% nutrient reference value according to regulation (EU) 1169/2011./300% Nährstoffbezugswerte laut VO (EU) Nr 1169/2011 volgens de voedingsrichtlijn (EU) n. 1169/2011.7300% porcentaje de la cantidad de referencia con arreglo al reglamento (UE) no. 1169 de la quantité de référence au titre du règlement (UE) N° 1169/2011 par posologie quotidienne recommandée/300% percentuale omaliero di cui al regolamento (UE) n. 1169/2011 EAN: 4260640857341 dry and dark place, out of geschätzt und außerhalb der www Reichweite von Kindem aufbe buiten het licht en buiten een koele, droge plaats, het bereik van kinderen are alejado de la ley had a grey wa alcance de los niños X001FTU38R Best before end, batch number, see print.",,,E369 - Alanin
00000140,tisane saveur lunaire,"INGRÉDIENTS 100% NATURELS POMME, ROOIBOS VERT, VERVEINE&quot;, ARÓME NATUREL, ÉCORCES D'ORANGE, FLEURS DE SOUCI&quot;, VERVEINE ENTIÈRE*, FEUILLES DE MURE&quot;, FRAMBOISE, PASSIFLORE&quot;. CASSIS",,,
00000141,EnergyDiet. Soupe Thai,"proteine isolate di soia, aromi, proteine isolate di pisello, proteine concentrate di riso, proteine in polvere di semi di girasole, proteine di semi di zucca, farina di amaranto, cannella in polvere, sucralosio, glicosidi steviolici da stevia",,,"E955 - Sucralose,E960a - Steviol glycosides from Stevia"
00000144,Bio Whey Isolat,"100% Erythritol, un producto NON GMO, apto para vegetarianos y veganos, libre de soya y gluten, apto para diabeticos, usalo para horn",,,
00000146,Batido nutricional / Nutricional Shake,"Soya protein isolate (40,8%), cookie crumbs (wheat flour (gluten), rice flour, oat flour (gluten), barley malt flour, sugar, cocoa, corn flour, salt, emulsifier (soya lecithin), fructose, inulin, oat fibre (gluten). polydextrose, soya oil thickeners (quar gum powde, santhan gum, carragenan, pectin), oat bran gluten), milk protein concentrate (1.9 %), flavourings (lactose), calcium citrate, dextrose, potassium phosphate, sodium chloride, anti-caking agent (silicon dioxide), sweeteners (sucralose, acesulfame-K), rapeseed oil, magnesium oxide, ginger root powder, L-ascorbic acid, ferrous fumarate, DL-alpha tocopheryl acetate, liquorice root powder, nicotinamide, papaya powder, zinc oxide, cupric gluconate, retinyl palmitate, D-calcium pantothenate, cholecalciferol, pyridoxine hydrochloride, cyanocobalamin, manganese carbonate, riboflavin, thiamin hydrochloride, ascorbyl palmitate, pteroylmonoglutamic acid, Dl-alpha tocopherol, potassium iodide, sodium selenite, D-biotin. CONTAINS GLUTEN, MILK AND SOYA. SOUTH AFRICA, LTD.","en:gluten,en:milk,en:soybeans",,"E1200 - Polydextrose,E304 - Fatty acid esters of ascorbic acid,E304i - Ascorbyl palmitate,E307 - Alpha-tocopherol,E322 - Lecithins,E322i - Lecithin,E440 - Pectins,E551 - Silicon dioxide,E950 - Acesulfame k,E955 - Sucralose"
00000147,Pan,"Pâtes à l'épeautre - Rêve de Neptune - Spelt neptunes dream (500g e) Ingrédients Ingrediënten speltbloem*, tomaat*, spinazie*, biet&quot;, spirulina* farine d'épeautre *, tomates *, épinards *, betteraves *, spiruline *",,,
00000149,Nutri+ vegan 3k Proteinpulver,100% Finest Durum Wheat Pasta: Ingredients: Durum Wheat Semolina,,,
00000152,Pure Creatine Monohydrate,"Sweeteners: erythritol (E-968) and steviol glycosides from stevia (E-960a) (0,3%).",,,"E960a - Steviol glycosides from Stevia,E968 - Erythritol"
00000154,Mct Oil Powder,"Austin, TX 78704 2311 S 5th St. #113 Sodium Medium Chain Triglycerides 7g sed Ga a 2000 calorie diet. &quot;Percent Dailyalues a &quot;Daily Value not estaplished. CER INGREDIENTS: Inulin, sodium cascinate, silicon dioxide, sunflower lecithin Contains coconut, milk Distributed by: Opportuniteas Inc. portuniteas.com",,,"E322 - Lecithins,E322i - Lecithin"
00000157,Matcha Tè Verde Giapponese,Organic Matcha Green Tea powder,,,
00000158,,"Oetker 4 Portionen, Milch & Zucker zugeben Original Pudding Vanille Geschmack NUTRI-SCC AB zubereitetes F",,,
00000161,Bio Volleipulver,"Organic Flaxseed Oil, Organic Coconut Oil, Organic Avocado Oil, Organic Sunflower Oil, Organic Pumpkin Seed Oil, Organic Sacha Inchi Seed Oil, Organic Extra Virgin Olive Oil, Organic Sesame Seed Oil, Organic Black Cumin Seed Oil, Organic Evening Primrose Oil, Organic Sea Buckthorn Berry Oil, Organic Fenugreek Seed Extract, Organic Turmeric Root Extract, Organic Rosemary Leaf Extract, Organic Clove Bud Extract, Organic Thyme Leaf Extract, Organic Oregano Leaf Extract, Organic Ginger Root Extract, Organic Black Pepper Fruit Extract, Organic Cardamom Seed Extract, Organic Cumin Seed Extract, Organic Coriander Seed Extract, Organic Fennel Seed Extract, Organic Fenugreek Seed Extract, Organic Turmeric Root Extract, Organic Rosemary Leaf Extract, Organic Clove Bud Extract, Organic Thyme Leaf Extract, Organic Oregano Leaf Extract, Organic Ginger Root Extract, Organic Black Pepper Fruit Extract, Organic Cardamom Seed Extract, Organic Cumin Seed Extract, Organic Coriander Seed Extract, Organic Fennel Seed Extract",,,
00000165,Paradies creme nougat,"Vitamin D3, Vitamin K2, Microcrystalline cellulose, Modified cellulose capsule, Magnesium stearate, Silicon dioxide",,,"E460 - Cellulose,E460i - Microcrystalline cellulose,E572 - Magnesium stearate"
00000169,herbalife boisson instantanée thé,"maltodextrine,extrait de feuilles de thé vert 17% ,extrait de feuille de thé orange pekoe 4,7% , arôme, caféine en poudre , édulcorant ( glucoside de stéviol issu de stevia) , poudre de fleur d'hibiscus ( 0,06%) , extrait de graine de cardamole(0,06%)",,,E960a - Steviol glycosides from Stevia
00000172,mélange vegan pour boisson proteinee,Isolat de proteïnes de soja,,,
00000173,BIO CHLORELLA,Bie Chlorella Biotiva Für Dich Tabletten / Tablets / Compresse / Comprimés Biotiva® Produkte werden unter strengen Qualitätskontrollen verarbeitet und schonend in Manufakturarbeit abgefüllt. So können wir die bestmögliche Qualität garantieren. / I prodotti Biotiva® vengono lavorati con severi controlli di qualità e accuratamente imbottigliati nei lavori di produzione. Quindi possiamo garantire la migliore qualità possibile. / Les produits Biotiva® sont soumis à des contrôles de qua stricts et soigneusement mis en bouteille lors des travaux de fabrication. Nous pouvo donc garantir la meilleure qualité possible. Inhalt: Chlorellapulver (gepresst)* / Chlorella powder (pressed)* / Polvere di clorella (pressata)*/ Poudre de chlorella (pressée)* *aus kontrolliert biologischem Anbau/ *certified organic/ *certificato biologico/*certifié biologique Verzehrempfehlung: / Daily dose/ Consigliato / Suggestion Bis zu 10 Tabletten täglich / Up to tablets daily / Fino a 10 compresse giorno / Jusqu'à 10 comprimés pa jour lährwerte / nutrition information Pro /per nergie / energy / energia / énergie 1270k,,,
00000177,Bio Gerstengras Pulver,"Sorbitol, Glycerin , Water, Carboxymethylcellulose sodium, Potassium sorbate",,,"E202 - Potassium sorbate,E420 - Sorbitol,E422 - Glycerol"
00000178,Dattes Mejdoul,Medjoul Dates,,,
00000184,Melody,"INGRÉDIENTS (3 gélules) : hydrolysats de collagène marin désodorisés (poisson) 900 mg, tunique d'origine végétale : hydroxypropylméthylcellulose, extrait de fruits d'acérola (Malpighia glabra) (240 mg) standardisée en vitamine C (60 mg, 75% des VNR*) (maltodextrine), D-alpha-tocophérol (Soja) (équivalent en vitamine E : 12 mg, 100% des VNR*), extrait de riz, B-carotène de Blakeslea trispora (0,72 mg de béta-carotène équivalent en vitamine A: 120 µg, 15% des VNR*). *Valeurs Nutrutionnels de Références. Origine végétale.","en:fish,en:soybeans",,E464 - Hydroxypropyl methyl cellulose
00000189,Vegan Protein Mango,"74,2 % d'isolat de protéines de pois. 15% de concentré de protéines de riz. mélange d'arômes (dextrose, acide (acide citrique), arôme naturel, arôme, colorant (beta-carotène), édulcorant (saccharine de sodium)), arôme naturel, épaississant (gomme de guar), arôme. colorant (bêta - carotène), édulcorant (sucralose). Ce produit contien 20 portions.",,,"E160a - Carotene,E160ai - Beta-carotene,E330 - Citric acid,E412 - Guar gum,E954 - Saccharin and its salts,E955 - Sucralose"
00000194,Bio Walnusskerne Achtel kerne,100% Organic Walnut kernels (Juglans regia),en:nuts,,
00000195,,"Proteinmischung (99,9%) (Sojaproteinisolat, Sonnenblumenprotein, Hanfsamenprotein, Kürbiskernprotein), L-Tryptophan",en:soybeans,,
00000197,,"wheat flour, calcium, iron, niacin, b3, thiamin, b1, wholemeal wheat flour, water, yeast, salt, vinegar, e472e, e481, vegetable oils, rapeseed, sustainable palm, soya flour, calcium propionate, added to inhibit mould growth, ascorbic acid, vitamin c.",,,"E282 - Calcium propionate,E472e - Mono- and diacetyltartaric acid esters of mono- and diglycerides of fatty acids,E481 - Sodium stearoyl-2-lactylate"
00000200,Bitter Raw Apricot Seeds,Air dried bitter raw apricot kernels.,,,
00000202,VEGAN BRAIN + BODY BOOST,"Creatine Monohydrate 5000mg, Taurine 1500mg, Beta alanine 1000mg",,,
00000212,yaourt vanille sucré,"lait de vache entier pasteurisé. ferments lactiques. arôme naturel de vanille 1,25%. sucre 5%",,,
00000224,madeleine Bijou ChocoPépites,"Farine de _blé_, pépites de chocolat 18% (sucre, pâte et beurre de cacao, émulsifiant lécithines (tournesol), arôme), huile de colza, sucre, _oeufs frais_, sirop de glucose-fructose, stabilisant: glycérol, poudres à lever: carbonates d'ammonium - carbonates de sodium - diphosphates (_blé_), arôme, émulsifiants mono et diglycérides d'acides gras, sel, lait écrémé en poudre, épaississant gomme xanthane. Peut contenir des traces de _soja_ et de _fruits à coque_.",,,"E322 - Lecithins,E322i - Lecithin,E415 - Xanthan gum,E422 - Glycerol,E450 - Diphosphates,E471 - Mono- and diglycerides of fatty acids,E500 - Sodium carbonates,E503 - Ammonium carbonates"
00000225,bijou cacao,"Ingnédients Farine de blé, sucre, huiles végétales (colza et tournesol), oeufs frais, sirop de glucose-fructose, stabilisant : glycérol, cacao maigre en poudre 1,9%, lait écrémé en poudre, pâte de cacao 0,8%, poudres à lever : carbonates d'ammonium - carbonates de sodium - diphosphates (blé), noisette, lactose, émulsifiants: mono et diglycérides d'acides gras lécithines (soja), sel, arôme. Peut contenir des traces d'autres fruits à coque.",en:soybeans,,"E422 - Glycerol,E450 - Diphosphates"
00000226,Naturelo,"Methylcellulose coloring, preservatives, flavOng, or ount Per Serving tamin D3 as Plant-based Cholecalciferol from %DV 125 mcg 625% (5,000 IU) Capsule. Formulated and",,,E625 - Magnesium diglutamate
00000227,Bijou Caramel ChocoLait,"Farine de _blé_, fourrage lait et caramel 17% (sirop de glucose-fructose, _lait_ concentré sucré 20%*, stabilisant : glycérol, caramel 2.5%*, sel, arôme, gélifiant : pectines, conservateur : sorbate de potassium), huile de colza, _œufs_ frais, sucre, chocolat au lait 11% (sucre, beurre de cacao, poudre de _lait_ entier, pâte de cacao, émulsifiant : lécithines (_soja_), arôme), sirop de glucose-fructose, stabilisant : glycérol, poudres à lever : carbonates d'ammonium - carbonates de sodium - diphosphates (_blé_), sel, émulsifiants : mono et diglycérides d’acides gras, _lait_ écrémé en poudre, arôme. *% exprimés sur le fourrage équivalent respectivement à 3.4% et 0.4% sur l’ensemble du produit.","en:eggs,en:gluten,en:milk,en:soybeans",,"E202 - Potassium sorbate,E322 - Lecithins,E422 - Glycerol,E440 - Pectins,E450 - Diphosphates,E471 - Mono- and diglycerides of fatty acids,E500 - Sodium carbonates,E503 - Ammonium carbonates"
00000229,Vanilla Grass-fed Whey Protein Isolate,"Whey Protein Isolate, Organic Cane Sugar, Organic Vanilla Flavor, Sunflower Lecithin",,,"E322 - Lecithins,E322i - Lecithin"
00000231,Bramwells American Style Peanut Butter,"Fructose, Soy Protein Isolate, Calcium Caseinate, Cocoa Powder, Casein, Oat Fiber, Cellulose Powder, Vegetable Stabilizer Guar Gum, Vitamins Premix, Minerals Premix, Canola Oil, Salt, Anticaking Agent Silicon Dioxide, Vegetable Emulsifier Lecithin Liquid, Anticaking Agent Dicalcium Phosphate, Thickener Carrageenan, dl-Methionine, Vegetable Emulsifier Lecithin Liquid, Anticaking Agent Silicon Dioxide, Vegetable Thickener Citrus Pectin, Psyllium Husk Powder, Hibiscus Sabdariffa Powder, Papaya Fruit Powder, Digestive Aids Papain and Bromelain",,,"E341 - Calcium phosphates,E341ii - Dicalcium phosphate,E407 - Carrageenan,E412 - Guar gum,E440 - Pectins,E551 - Silicon dioxide"
00000232,Usda Organic Matcha Latte,"Organic Unrefined Cane Sugar, Organic Japanese Matcha Green Tea",,,
00000233,That’s It,"TRATES or JUICES! A low-calorie snack that's perfect nytime, with 0 Fat, 0 added sugar and 0 mess. INGREDIENTS: ORGANIC APPLES. FREE TOP Manufactured in a facility free FROM 12 RLERGENS from the Top 12 Allergens 00 CERTIFIED NON GMO Project GLUTEN FREE USDA ORGANIC VERIFIED nongmoproject.org GFCO.ORG P PALEO Brought to you by That's it Nutrition LiC. Los Angeles, CA 90014 THATSITFRUIT.COM 888-862-5235 * Scan",,,
00000245,Psyllium husk powder,"isolat de protéines de lait ( 92% de protéines sur matières sèche ), cacao en poudre, arôme naturel, épaississant: gomme xanthane, émulsifiant : lécithine de tournesol, arôme, lactase, édulcorant : sucralose.",,,"E322 - Lecithins,E322i - Lecithin,E415 - Xanthan gum,E955 - Sucralose"
00000251,Coq10 200mg,"Coenzyme Q10 (Ubiquinone), Omega-3, Sunflower Lecithin, PQQ (Pyrroloquinoline Quinone), Black Pepper Extract, Organic Olive Oil, Gelatin, Glycerin, Purified Water",,,"E322 - Lecithins,E322i - Lecithin,E422 - Glycerol,E428 - Gelatine"
00000253,Matcha Latte,"Erythritol, Organic Japanese Matcha Green Tea, Monk Fruit Extract",,,E968 - Erythritol
00000258,"Protein Bar, Almond and Chocolate","Types I ,  III Bovine Collagen, Type II Marine Collagen, Type II Chicken Sternum Collagen, Types I, V ,  X Eggshell Membrane Collagen",,,
00000259,Barrette cioccolato e arachidi 1 barretta 35g.,"Concentré de protéines de lait (protéines de lactosérum, caséinate de calcium (contient du lait)), sirop de glucose, sirop de fructose, enrobage au chocolat au lait (17 %) (sucre, poudre de lait, beurre de cacao, pâte de cacao, émulsifiant (lécithine de soja), arôme), pâte d'arachide (10 %), gélatine, riz soufflé, poudre de cacao (0,7 %), colorant (caramel), arômes, DL-alpha-tocophérol, nicotinamide, D-pantothénate de calcium, chlorhydrate de thiamine, chlorhydrate de pyridoxine, riboflavine, cyanocobalamine. Conseil : pour les allergènes, voir les ingrédients en gras. PEUT CONTENIR DES TRACES D'AUTRES FRUITS À COQUES ET DE GLUTEN.","en:milk,en:soybeans",,"E150 - Caramel,E322 - Lecithins,E322i - Lecithin,E428 - Gelatine"
00000261,Prebiotic Fiber Gummies,"Chicory root fiber, water, pectin, agar agar, tapioca starch, trisodium citrate, citric acid, natural flavors, black carrot concentrate, chlorophyll, carnauba wax.",,,"E140 - Chlorophylls and Chlorophyllins,E140i - Chlorophylls,E330 - Citric acid,E331 - Sodium citrates,E331iii - Trisodium citrate,E406 - Agar,E440 - Pectins,E903 - Carnauba wax"
00000273,Superfruit Organic Freezie Pops,"Organic white grape juice, Organic apple juice, Organic strawberry purée, Organic lemon juice, Organic guar gum, Organic strawberry flavor, Organic mango purée, Organic mango flavor, Organic blueberry purée, Organic pomegranate juice, Organic berry flavor",,,E412 - Guar gum
00000274,Protine,"Whole Food Protein Blend (Beef Protein Isolate, Pea Protein, Brown Rice Protein, Chicken Protein, Egg Albumin, Salmon Protein), Natural and Artificial Flavors, Cookie Pieces (Sugar, Unbleached Enriched Flour [Wheat Flour, Niacin, Reduced Iron, Thiamine Mononitrate {Vitamin B1}, Riboflavin {Vitamin B2}, Folic Acid], High Oleic Canola Oil and/or Palm Oil and/or Sunflower Oil, Cocoa [Processed with Alkali], High Fructose Corn Syrup, Leavening [Baking Soda and/or Calcium Phosphate], Soy Lecithin, Vanillin [an Artificial Flavor], Chocolate), Milk Powder (for creaminess), Cellulose Gum, Medium Chain Triglyceride (MCT) Oil Powder, Salt, Sucralose, Acesulfame Potassium, Maltodextrin",,,"E322 - Lecithins,E322i - Lecithin,E341 - Calcium phosphates,E466 - Sodium carboxy methyl cellulose,E500 - Sodium carbonates,E500ii - Sodium hydrogen carbonate,E950 - Acesulfame k,E955 - Sucralose"
00000281,dreamtime,"Sucre, Reguler d'acidite: E330 (Acide Citrique), Extrait de The Noir (1%), Arco. *Per 20g (as sold/ Pour 20g Per 100g (as sold)/ Pour 100g NUTRITIONAL FACTS/",,,E330 - Citric acid
00000283,Irish Sea Moss,"Irish Sea Moss Extract 10:1 (Chondrus crispus), Hypromellose, microcrystalline cellulose",,,"E460 - Cellulose,E460i - Microcrystalline cellulose,E464 - Hydroxypropyl methyl cellulose"
00000289,Passiflore BIO,"COMPLEMENT ALIMENTAIR Ingrédients pour 3 comprimes Poudre de passiflore parties aériennes&quot; 1200 mg, carbonate de magnesium, talc. Poids net : 90 g Produit issu de l'agriculture biologique FR-BIO-01 Agriculture UE/non U (voir au fond)",,,"E553 - Magnesium silicates,E553b - Talc"
00000297,,X000MN2U97 Der Umwelt zuliebe verzic ten wir auf die Beilage eine Messlöffels./ For the sake of the environment we do not add a scoop. 711 100%,,,
00000302,Coq10 300mg,"Coenzyme Q10, Sunflower Lecithin, PQQ, Organic Olive Oil, Gelatin, Glycerin, Purified Water",,,"E322 - Lecithins,E322i - Lecithin,E422 - Glycerol,E428 - Gelatine"
00000303,Tisane nerf - sommeil,"Passiflore 20g, aubépine sf 20g, eschscholtzia 20g aspérule odorante 20g, mélilot 10g, oranger fe 10g",,,
00000304,Men Hair Growth Nutraceutical,"Fish Oil, Albacore, Pollock",,,
00000307,potage instantané poireau,"Ingredients matodextrine, fecule de pomme de tere poEAR shya (12 %). sek epices et aromates épinard ardmes lait reme enpode tarine a ble Anti-mottantcarbonate de magndsum Analyse nutritionnelle movenne Pour 100 a Par nertion /90 a)",,,
00000310,Miel crémeux,"Tapioca syrup, soluble corn fiber, organic evaporated cane juice, fruit and vegetable juice and pulp powder, cocoa, concord grape, pomegranate, blueberry, green tea, cranberry, ginger root, blackberry, bilberry, raspberry, artichoke leaf, elderberry, black currant, pectin, citric acid, natural flavor, ascorbic acid, coating, organic sunflower oil, organic carnauba wax, sunflower d-alpha tocopherol, tangerine, grape seed, lactic acid",,,"E270 - Lactic acid,E330 - Citric acid,E440 - Pectins,E903 - Carnauba wax"
00000312,huile végétale,100% du total des ingrédients sont issus de l'agriculture biologique,,,
00000319,,"ORGANIC CHEDDAR CHEESE (ORGANIC MILK, SALT, CHEESE CULTURES AND ENZYMES), ORGANIC BUTTERMILK, SALT, AND DISODIUM PHOSPHATE",,,E339ii - Disodium phosphate
00000321,Noix du Brésil,Brazil Nuts,"en:gluten,en:nuts,en:peanuts,en:sesame-seeds",,
00000326,Sea Salt Flakes,sea salt flakes,,,
00000333,Tarta San Marcos,"instant organic arabica medium roast coffee, organic mushroom extract powders (chaga, reishi, lion's mane, maitake, shiitake, cordyceps, turkey tail, king trumpet, willow bracket, agaricus blazei)",,,
00000341,Hydration Mix,"Vitamin B Blend, Biotin, Choline Bitartrate, Vitamin B12, Folic Acid, Inositol, Niacin, Pantothenic Acid, Riboflavin, Thiamine Hydrochloride, Amino Acid Blend, L-Leucine, L-Valine, L-Isoleucine, Glycine, L-Glutamine, Taurine, Mineral Blend, Calcium, Magnesium, Potassium, Zinc, Natural Flavour, Citric Acid, Sodium Chloride, Sucralose, Silicon Dioxide, Beet Root Powder, Stevia Leaf Extract, Spirulina Extract, Elderberry Extract, Fruit and Vegetable Juice, Malic Acid, Calcium Silicate, Calcium Lactate, Calcium Phosphate, Calcium Carbonate, Magnesium Oxide, Magnesium Phosphate, Magnesium Carbonate, Magnesium Hydroxide, Magnesium Sulfate, Magnesium Chloride, Potassium Citrate, Potassium Bicarbonate, Potassium Chloride, Potassium Phosphate, Potassium Sulfate, Zinc Citrate, Zinc Gluconate, Zinc Oxide, Zinc Sulfate, Zinc Hydroxide, Zinc Carbonate, Zinc Chloride, Zinc Acetate, Zinc Picolinate, Zinc L-Carnosine, Zinc Aspartate, Zinc Orotate, Zinc Glycinate, Zinc Methionine, Zinc Histidine, Zinc Carnosine, Zinc Monomethionine, Zinc Bisglycinate, Zinc Hydrolyzed Vegetable Protein Chelate",,,"E296 - Malic acid,E330 - Citric acid,E515 - Potassium sulphates,E552 - Calcium silicate,E640 - Glycine and its sodium salt,E640i - Glycine,E955 - Sucralose,E960 - Steviol glycosides"
00000348,Puremade Flavored Syrup,"pure cane sugar, water, natural flavors, fruit juice (for color), citric acid",,,E330 - Citric acid
00000361,Cinnamon With Chromium & Biotin,"Rice Flour, Vegetable Cellulose, Vegetable Magnesium Stearate, Silica",,,"E460 - Cellulose,E572 - Magnesium stearate"
00000363,"Sea Moss, Black Seed Oil, Ashwagandha & Burdock Root","Vitamin C, Vitamin D3, Sea Moss, Black Seed, Turmeric, Bladderwrack, Burdock, Apple Cider Vinegar, Dandelion, Yellow Dock, Elderberry, Manuka, Iodine, Chlorophyll, Microcrystalline Cellulose, Magnesium Stearate, Silica",,,"E140 - Chlorophylls and Chlorophyllins,E140i - Chlorophylls,E460 - Cellulose,E460i - Microcrystalline cellulose,E572 - Magnesium stearate"
00000365,Coffret Vendôme T2,"Sunflower Seed Oil, Gelatin, Glycerin, Sunflower Lecithin Oil, Water, Beeswax, Alpha Tocopheryl Acetate, Riboflavin, Titanium Dioxide",,,"E171 - Titanium dioxide,E422 - Glycerol,E428 - Gelatine,E901 - White and yellow beeswax"
00000383,No chicken kiyvs,"Water, Mushroom (20%), Fortified Wheat Flour (Wheat Flour, Calcium Carbonate, Iron, Niacin, Thiamin), Rapeseed Oil, Pea Flour, Stabiliser: Methyl Cellulose; Sustainable Palm Oil, Wheat Gluten (2.5%), Coconut Oil, Pea Fibre, Pea Protein (1.5%), Coconut Milk, Wheat Starch, Pea Starch, Garlic Purée (1%), Yeast Extract, Salt, Roast Garlic Puree (0.5%), Parsley, Dried Onion, Flavouring, Olive Oil, Yeast, Sugar, Preservative: Potassium Sorbate, Sodium Metabisulphite (Sulphites); Lemon Concentrate, Emulsifier: Mono - and Diglycerides of Fatty Acids; Colour: Beta-carotene; White Pepper, Cracked Black Pepper, Onion Powder, Black Pepper, Garlic Powder, Raising Agent: Ammonium Bicarbonate; Paprika Extract.",en:sulphur-dioxide-and-sulphites,,"E160a - Carotene,E160ai - Beta-carotene,E160c - Paprika extract,E202 - Potassium sorbate,E223 - Sodium metabisulphite,E461 - Methyl cellulose,E471 - Mono- and diglycerides of fatty acids,E503 - Ammonium carbonates,E503ii - Ammonium hydrogen carbonate"
00000385,Nutritional yeast,yeast,,,
00000393,Protein meal bar,"Cut Corn, Wheat, Red Milo, White Millet, Black Oil Sunflower Seeds, Red Millet",,,
00000394,Creatine Monohydrate,Creatine Monohydrate (Micronized),,,
00000397,Whole Trilogy Seeds,"Flaxseed, Chia Seeds, Hemp Seeds",,,
00000398,,"saccharose, sirop de glucose, acidifiant : acide citrique, citrate de sodium, maltodextrine, arôme naturel d'orange avec autres arômes naturels, sels de calcium de l'acide orthophosphorique, carbonate de magnésium, chlorure de sodium, exhausteur de goût : chlorure de potassium, antioxydant : acide L-ascorbique, colorant : caroténoïdes, vitamine B1.",,,"E160 - Carotenoids,E300 - Ascorbic acid,E330 - Citric acid,E331 - Sodium citrates,E508 - Potassium chloride"
00000403,Mint Chocolate Chip Beachbar,"DIRECTION DIRECTIONS FOR USE: To ensure accurate dosing, use the supplied measure tool to measure 400-900 mg shilajit resin. Dissolve in warm water and drink on an empty stomach 30 minutes before a meal. It can also be swallowed or dissolved under the tongue. STORAGE: Store in a coold and dry place. WARNINGS: KEEP OUT OF REACH OF CHILDREN. Dietary supplements should not be used as a substitute for a healthy and varied diet and a healthy lifestyle. Do not exceed the stated recommended daily intake. Statements regarding this dietary supplement have not been evaluated by the FDA and are not intended to diagnose, treat, cure, or prevent any disease or health condition. LLT",,,
00000409,Ingwer Wurzel,Zenzero,,,
00000417,Owmy,"Whey Protein Concentrate, Whey Protein Isolate, Natural Chocolate, Cocoa Powder, Xanthan Gum, Sea Salt, Sucralose. Contains: Milk Manufactured for Nature's Peak 16171 S Bringhurst Blvd. Suite 600 Bluffdale, UT 84065 801-341-2845 NaturesPeak.net NATURE'S - PEAK-",,,"E415 - Xanthan gum,E955 - Sucralose"
00000424,Ashwagandha Extra Strength,"Ashwagandha herb extract, BioPerine Black pepper seed extract, Microcrystalline cellulose, Modified cellulose capsule, Magnesium stearate, Silicon dioxide",,,"E460 - Cellulose,E460i - Microcrystalline cellulose,E572 - Magnesium stearate"
00000432,,gelatinadecerdoazucartrupasdeperroyresiduosdealcantarillas,,,
00000437,Hydration Multiplier Electrolyte Drink Mix,"allulose, l-glutamine, l-alanine, citric acid, potassium citrate, salt, sodium citrate, natural flavors, silicon dioxide, stevia leaf extract, vitamin c, vitamin b3, vitamin b5, vitamin b6, vitamin b12",,,"E330 - Citric acid,E960 - Steviol glycosides"
00000450,,"Nährwerte je 100 g je Portion % je 15g Portion Energie KJ/ 2252/ 336/ kcal) 539 80 4 Fett (g) 30,9 4,6 1",,,
00000452,,"Weizenmehl, Zucker, pflanzliche Fette (Palm, Kokos), Kakaomasse, Kakaobutter, Butterreinfett, Vollmilchpulver, Süßmolkenpulver, Magermilchpulver, Weizenstärke, fettarmes Kakaopulver, Hühnereieiweiß, Invertzuckersirup, Dextrose, Mandeln, Emulgatoren: Lecithine (enthält Soja), Mono - und Diglyceride von Speisefettsäuren; Kokosraspeln, Glukosesirup, Laktose, Salz, Backtriebmittel: Natriumcarbonate, Diphosphate, Ammoniumcarbonate; natürliches Aroma (enthält Gluten, Milch), Volleipulver, Rapsöl, Milcheiweiß, Hühnereieiweißpulver, Hühnereieigelbpulver, Karamellzuckersirup, Gewürze, Gerstenmalzextrakt, Farbstoff: Beta-Carotin. Kann andere Schalenfrüchte, Erdnüsse, Lupine und Sesam enthalten. GB Biscuit assortment with 17% chocolate, 10% milk chocolate and 6% white chocolate Ingredients: Wheat flour, sugar, vegetable fats (palm, coconut), cocoa mass, cocoa butter, pure butterfat (milk), whole milk powder, sweet whey powder (milk), skimmed milk powder, wheat starch, low fat cocoa powder, egg white, invert sugar syrup, dextrose, almonds, emulsifiers: lecithins (contain soya), mono - and diglycerides of fatty acids; rasped coconut, glucose syrup, lactose (milk), salt, raising agents: sodium carbonates, diphosphates, ammonium carbonates; natural flavour (contains gluten, milk). whole egg powder, rapeseed oil, milk protein, dried egg white, egg yolk powder, caramel sugar syrup, spices, malt extract (barley), colour: beta carotene. May contain other nuts, peanuts, lupin and sesame. FR Assortiment de biscuits avec 17% de chocolat, 10% de chocolat au lait et 6% de chocolat blanc Ingrédients: Farine de froment, sucre, graisses végétales (palme, coco), masse de cacao, beurre de cacao, graisse butyrique, lait entier en poudre, lactosérum doux en poudre, lait écrémé en poudre, amidon de blé, cacao maigre en poudre, blanc d'œufs, sirop de sucre inverti, dextrose, amandes, émulsifiants: lecithines (contient soja), mono-et diglycérides d'acides gras; noix de coco râpées, sirop de glucose, lactose, sel, poudres à lever: carbonates de sodium, diphosphates, carbonates d'ammonium; arôme naturel (contient du gluten, du lait), ceuf entier en poudre, huile de colza, protéine de lait, blancs d'œufs séché, jaune d'œuf en poudre, sirop de sucre caramélisé, épices, extrait de malt d'orge, colorant: béta-carotene. Peut contenir d'autres fruits à coque, de l'arachide, du lupin et du sésame. Sonnenkel Zartes Gebäck, verw Vollmilchschok PT Sortido de biscoito com Ingredientes: farinha de trigo leite gordo em pó, soro de la açúcar invertido, dextrose, amên glicose, lactose, sal, levedantes inteiro em pó, óleo de colza, p extracto de malte (cevada) Pode conter outros frutos d DK Blandede biscuits med Ingredienser: hvedemel, sukker vallepulver, skummetmælks emulgatorer: lecithiner (indehold natriumcarbonater, diphosphate æggehvidepulver, æggeblo Kan indeholde andre skalfre Nährwertde Déclaration nutr Información nut Declaração Energie/energy/énergie/e",en:milk,,"E160a - Carotene,E160ai - Beta-carotene,E322 - Lecithins,E450 - Diphosphates,E471 - Mono- and diglycerides of fatty acids,E500 - Sodium carbonates,E503 - Ammonium carbonates"
00000454,Chocolate Organic Vegan Protein Shake Mix,"Organic Plant Protein Blend (Organic Pea, Organic Pumpkin, Organic Sunflower, Organic Coconut), Organic Cocoa (Alkalised), Organic Fruit Blend (Organic Date, Organic Banana, Organic Baobab), Organic Agave Fiber, Organic Pea Starch, Flax Seed Fiber, Natural Flavors, Probiotics (Bacillius Coagulans), Organic Monkfruit Extract, Milled Flaxseeds, Organic Ceylon Cinnamon, Organic Turmeric",,,
00000456,Organic Vegan Protein Shake Mix,"Organic Plant Protein Blend (Organic Pea, Organic Pumpkin, Organic Coconut), Organic Fruit Blend (Organic Date, Organic Banana, Organic Baobab), Organic Agave Fiber, Organic Pea Starch, Flax Seed Fiber, Organic Cocoa (Alkalised), Natural Flavors, Probiotics (Bacillus Coagulans), Organic Monkfruit Extract, Milled Flax Seeds, Organic Cinnamon, Organic Turmeric",,,
00000459,Keto Pancake & Waffle mix,"ALMOND FLOUR,  OAT FIBER, WHEY PROTEIN, MODIFIED FOOD STARCH, POTASSIUM BITARTRATE, NATURAL MONK FRUIT EXTRACT POWDER, VANILLA FLAVOR, BAKING SODA, CINNAMON, SALT, XANTHAN GUM",,,"E336 - Potassium tartrates,E336i - Monopotassium tartrate,E415 - Xanthan gum,E500 - Sodium carbonates,E500ii - Sodium hydrogen carbonate"
00000467,,4 чэальбип OSLUSA H U K O SAMSU L O &gt; P Alt Gr Ö B Fr 1 O А Stra info Ener PIVE Veure,,,
00000471,ISO whey zero,"Lion's Mane Mushroom, Turkey Tail Mushroom, Reishi Mushroom, Chaga Mushroom, Maitake Mushroom, Shiitake Mushroom, King Trumpet Mushroom, Royal Sun Mushroom, Willow Bracket Mushroom, Organic Coffee Powder",,,
00000476,Encore +,"CYCLOPENTASILOXANE, DIMETHICONE, PARABEN FREE, SANS PARABEN",,,"E900 - Dimethylpolysiloxane and Methylphenylpolysiloxane,E900a - Dimethyl polysiloxane"
00000483,Vegan Liquid Iron Supplement,"Purified Water, Glycerin, Citric Acid, Organic Blackberry Flavor, Xanthan Gum, Organic Stevia Leaf",,,"E330 - Citric acid,E415 - Xanthan gum,E422 - Glycerol"
00000486,Hydrolyzed Multi Collagen,"Suggested Use: Mix, shake, or blend 1 scoop with 8 oz. of your favorite beverage. For best results use daily To cd water without clumping, mix with room temperature water first and then add ice. Supplement Facts TYPICAL COLLAGEN PEPT Servings Per Container: 45 Calories Protein Serving Size Scoop (Approx. 10 g) AMINO ACID PROFILE Amount Per Serving %DV Alanine 784 mg Leucine 40 Arginine 706 mg Lysine 9g Aspartic Acid 552 mg Methionine 100% Hydrolyzed Multi Collagen 20 mg 1% Glutamic Acid 970 mg Phenylalanine 10 g 1258 Glycine 2,160 mg Proline Histidine!! 60 mg Serine 91 Contains: egg fish. Hydroxylysine Bovine Collagen Peptides, Chicken Collagen Peptides, Marine Collagen Peptides, Eggshell Membrane Collagen Peptides Daily Value (DV) not established. Celly Manufactured for: Doctor's Recipes (800) 487-6849 www.DoctorsRecipes.com  Sun Lakes, AZ 85248 10 grams per scoop is an average. Individual scooping Yeout side is packaged by weight, not by volume. may yeld slightly less or slightly more than 10 of comments occurs over time and cannot be avoided. color, texture, flavor, solubility, and other traits Moda High Levels of EAAS No Lumps Dissolves Easily in or Clumps Hot or Cold Liquids 107 mg Threonine Hydroxyproline 1,075 mg Tyrosine Isoleucine 125 mg Valine Essential amino acids 11 Contains 8 of 9 essential amino acids A Average milligrams per serving abra ENJOY IN YOUR FAVORITE RE Mix Shake FOR BEST MIXING RESULTS Shake container to mix A Add powder to cup beve d Pour liquid on top of p",,,
00000508,,"Rohrohrzucker*, Kakaobutter°*, Haselnussmark 20%, Magermilch - 1.60 pulver, Kakaomasse&quot;, Bourbon isch Bohne afel fair Vanilleextrakt*. Kakao: 32%",,,
00000519,,"Maltodestrina da mais, amido di mais, gelatina, miscela di fermenti lattici (Lactobacillus acidophilus LA-14, Lactobacillus plantarum LP-115, Lactobacillus jensenii LJe52, Lactobacillus rhamnosus LR-32), agente antiagglomerante: sali di magnesio degli acidi grassi",,,"E428 - Gelatine,E470b - Magnesium salts of fatty acids"
00000536,Natural Honey Wildflower,"Lait de vache pasteurisé (origine: France), sel, ferments (lait), conservateur: E235.",en:milk,,E235 - Natamycin
00000550,Krautsalat,"Figs* Origine: Turquie - Origin: Turkey Ce produit provvient d'une fabrique où les noix, cacahuètes, sésame, blé et gluten sont utilisés. This product is produ ion area where also otion",,,
00000570,Mix Energie Superfood,"abricots , figues , mûres , graines de tournesol *, graines de citrouille *, noix mélangées (amandes brunes, noix du Brésil *, amandes blanches , noix de cajou *, noix *, noisettes *), canneberges *, jus de pomme *, huile de tournesol * ), dadelstuk dadeistukjes * (dates *, farine de riz *), incabesse *, baies de goji * apricots *, figs *, blackberries *, sunflower seeds *, pumpkin seeds * mixed nuts * (brown almonds , Brazil nuts*, white almonds *, cashews *, nuts *, hazelnuts *), cranberries *, apple juice sunflower oil *), dadelstuk dadelstukjes * (dates*, rice flour *), incabesse , goji berries *",,,
00000614,Beauty Collagen,"Granulated Sugar, Erythritol, Natural Flavor, Malic Acid, Citric Acid, Stevia Extract (stevia rebaudiana) (Leaf), Silicon Dioxide.",,,"E296 - Malic acid,E330 - Citric acid,E968 - Erythritol"
00000635,Batard meergranen brood,"42,5% tarwebloem, water, tarwegluten, 3,6% zonnebloempitten, 2,8% lijnzaad, 2,8% gerstemout, 2,4% havervlokken, 0,9% rijstgries, bakkerszout, 0,6% sesamzaad, 0,6% tarwezuurdesem, 0,6% roggezuurdesem, sojabloem, 0,2% volkoren roggemeel, gist.",,,
00000636,Ultra thin crust chicken bacon ranch pizza,"Oat flakes *, barley flakes *, rye flakes *, wheat flakes * (*Issu de l'agricult",en:gluten,,
00000680,Lomo ibérico de bellota,"enriched wheat flour (flour, malted alue barley flour, reduced iron, niacin, thiamin mononitrate owvitamin b1), riboflavin (vitamin b2), folic acidj, water, in whole wheat flour, sugar, yeast, wheat gluten, cellulose fiber, calcium sulfate, salt, soybean oil, preservatives (calcium propionate, sorbic acid), soy flour, monoglycerides, datem, citric acid, soy lecithin, vitamin d3, potassium iodate, grain vine - gar, monocalcium phosphate. contains wheat, soy. r17-212-202308 79423","en:gluten,en:soybeans",,"E200 - Sorbic acid,E282 - Calcium propionate,E322 - Lecithins,E322i - Lecithin,E330 - Citric acid,E341 - Calcium phosphates,E341i - Monocalcium phosphate,E472e - Mono- and diacetyltartaric acid esters of mono- and diglycerides of fatty acids"
00000689,,"Eau gazéifiée, sirop de maïs riche en fructose, acide citrique, arôme naturel, citrate de potassium, calcium disodique edta",,,E330 - Citric acid
00000720,Pommes cannelle séchées,"Pommes*, Canneile* - Apple*, Cinnamon*",,,
00000721,biscuits cuillers,"Sucre, œufs frais (34%), farine de blé, sirop de sucre inverti, stabilisant glycérol, arôme, sel, acidifiant tartrates de potassium, épaississant : gomme xanthane.","en:eggs,en:gluten",,"E336 - Potassium tartrates,E415 - Xanthan gum,E422 - Glycerol"
00000732,,C,,,
00000734,"Enjoy Life Chewy Bars, Soy free, Nut free, Gluten free, Dairy free, Non GMO, Vegan, Caramel Blondie","Pure Life Balanced Dry Blend (Hulled Sunflower Kernels, Cassava Flour, White Pearled-Grain Sorghum Flour, Quinoa Flakes), Tapioca Syrup, Chocolate Chips (Cane Sugar, Unsweetened Chocolate, Cocoa Butter), Date Paste, Safflower Oil, Palm Oil Shortening, Caramel Pieces (Organic Sugar, Organic Tapioca Syrup), Quinoa Flakes, Vegetable Glycerin, Ground Flaxseed, Water, Salt, Vanilla Extract, Natural Flavor, Rosemary Extract.",,,"E392 - Extracts of rosemary,E422 - Glycerol"
00000738,Teste,"teste 1, teste2 e teste3",,,
00000739,Assortiment d'amandes cacaotés et croustilles,"Amandes enrobées de chocolat au lait et poudre de cacao : chocolat au lait 65% (sucre, beurre de cacao, lait entier en poudre, pâte de cacao, arôme naturel de vanille), amande torréfiée 33%, poudre de cacao maigre 2%. - Billes de céréales enrobées au chocolat au lait praliné : chocolat au lait 65% (sucre, beurre de cacao, lait entier en poudre, pâte de cacao, lait écrémé en poudre, émulsifiant : lécithines (tournesol), arôme naturel de vanille), praliné 21% (noisette 50%, sucre, émulsifiant : lécithines (tournesol)), céréales croustillantes 12% (farine de blé, gluten de blé, farine de malt de blé, poudre à lever: carbonates de sodium, sel), poudre de cacao maigre.","en:gluten,en:milk,en:nuts",,"E322 - Lecithins,E322i - Lecithin,E500 - Sodium carbonates"
00000742,Assortiments de Tuiles et Palets gourmants au chocolat,"chocolat noir, lécithine de soja, éclats de noisettes, raisins, chocolat blanc...",,,"E322 - Lecithins,E322i - Lecithin"
00000747,Organic Protein Powder Vanilla Bean Flavored,"5% Fat 0.5g 3% Og Omg 0% Omg 12% ohydrate 15g 5% Fiber less than 1g 0% ugars Og des Og Added Sugars 0% ritol 5g on taste is based on my belief that real foods can make a real difference. That passion fuels our mission to help people live vibrant lives through good, clean nutrition. IN GOOD HEALTH, Аганей Andrew Abraham, M.D. Founder, Cancer Survivor & Food Entrepreneur 21g 37% in D Omcg 0% um 70mg 6% 35% 2% P f 64mg assium 80mg Daily Value (DV) tells you how much a nutrient serving of food contributes to a daily diet. 2,000 ories a day is used for general nutrition advice. ORGAIN.COM See website for pro GREDIENTS: ORGAIN ORGANIC PROTEIN BLENDTM (ORGANIC PEA PROTEIN, ORGANIC BROWN RICE PROTE RGANIC CHIA SEED), ORGAIN ORGANIC CREAMER BASE TM (ORGANIC ACACIA, ORGANIC HIGH OLEIC ORGANIC ERYTHRITOL ORGANIC NATURAL FLAVORS, ORGANIC ACACIA, SEA SALT, ORGANIC REBA (STEVIA UNFLOWER OIL ORGANIC RICE DEXTRIN, ORGANIC SUNFLOWER LECITHIN, ORGANIC ROSEMARY EXTRACT EXTRACT), ORGANIC GUAR GUM, XANTHAN GUM, NATURAL FLAVOR.",,,"E1400 - Dextrin,E322 - Lecithins,E322i - Lecithin,E412 - Guar gum,E415 - Xanthan gum"
00000749,Cream soup air corners,"Grain 65% (corn grits 100%), vegetable oil 20%, corn bisque-flavored complex seasoning, polydextrose 5%, milk powder 2%",,,
00000751,Multi Collagen Protein,"Egg, Fish (Salmon & Mackerel).","en:eggs,en:fish",,
00000758,Cauliflower,Cauliflower,,,
00000762,collagen skin booster,"hydrolysat de collagen Verisol P, maltodextrine,arômes naturels , correcteur d'acidité ( acide citrique), édulcorant, ( glycoside de steviol) , acide L - ascorbique , acétate de DL-alpha-tocophéryle,bêta-carotène, citrate de zinc,nicotinamide,citrate de cuivre, iodure de potassium, sélénite de sodium, D-biotine",,,"E330 - Citric acid,E960 - Steviol glycosides"
00000765,Thé noir Assam bio,Thé noir originaire de la région d'Assam en Inde et issu de l'Agriculture Biologique.,,,
00000766,Thrive Plant Protein - Chocolate Swirl,"Rice,Water,Wheat,Salt,Caramel",,,
00000770,,نتاظظمدد,,,
00000772,Vitamin B12,"Calcium carbonate, microcrystalline cellulose, stearic acid, vitamin B12 (methylcobalamin)",,,"E460 - Cellulose,E460i - Microcrystalline cellulose,E570 - Fatty acids"
00000777,Legion Whey (French Vanilla),"Ingredienti Magnesio bisglicinato in polvere, Idrossido di calcio, Involucro della capsula (Idrossipropilmetilcellulosa), Acido L-Ascorbico (Vitamina C), Cloruro di potassio, Fumarato ferroso, Polvere di calendula (Calendula officinalis, Fiore) (Luteina), Tocoferolo acetato (Vitamina E), Niacina (Vitamina B3), Gluconato di manganese, Ossido di zinco, Estratto di tagete francese (Tagetes erecrta L., Fiore) (Zeaxantina), Gluconato di rame, Acido pantotenico (Vitamina B5), Retinolo acetato (Vitamina A), Colecalciferolo (Vitamina D3), Riboflavina (Vitamina B2), Tiamina HCI (Vitamina B1), Piridossina HCl (Vitamina B6), Cromo picolinato, loduro di potassio, Metilcobalamina (Vitamina B12), Acido folico (Vitamina B9), Biotina HCl (Vitamina B7), Molibdato di sodio, Estratto di crusca di riso.",,,
00000827,Petit hoppelli noir,Ingrediënten Quinoa* - Quinoa *,,,
00000831,,"Maltodextrin, citric acid, natural strawberry lemon flavor, rebaudioside A (from stevia leaf extract), microcrystalline cellulose, calcium phosphate",,,"E330 - Citric acid,E460 - Cellulose,E460i - Microcrystalline cellulose,E960 - Steviol glycosides"
00000833,saint Michel galettes,Processor  Memory (RAM)  Storage  Display  Battery  Keyboard and Touchpad  Wireless Connectivity  Ports  Camera and Microphone  Speakers  Build Materials  Operating System,"en:peanuts,en:Strontium-90,en:Uranuim-235",,
00000839,Muesli,"Multictain Flakes (83.9%) [Rotted at 7%), Wheat Flakes (35%) (Wheat, lodised Salt, Malt Extract, Emulsifier (INS 322) & Antioxidant (INS 320) Corn Flakes (11.9%) (Corn Grits, lodised Salt, Malt Extract, Emulsifier (INS 322) & Antioxidant (INS 320)1, Apple Juice Concentrate (10%), Dried Fruits & Nuts (5%) [Sliced Almonds (2.5%), Raisins (2.5%)], Emulsifier (INS 322) Flavours [Artificial (Red Apple) & Natural flavouring substances] & Antioxidant (INS 320) STORAGE INSTRUCTIONS: 1. Not to be consumed if seal is broken 2. Secure lid tightly after every use 3. Store in dry place and away from heat and light. ALLERGEN: Contains Soy, Wheat, Oats, Barley & Nut","en:gluten,en:nuts,en:soybeans",,"E320 - Butylated hydroxyanisole (bha),E322 - Lecithins"
00000854,Pingo de ouro,"Inulin, Guar Gum, Natural Flavors (Key Lime, Lime, Vanilla), Citric Acid, Malic Acid, Steviol Glycosides (Rebaudiosides M, A)",,,"E296 - Malic acid,E330 - Citric acid,E412 - Guar gum,E960 - Steviol glycosides"
00000864,Quinoa,quinoa 100%,,,
00000893,Bio Whey Protein Kakao,Organic Medjool Dates,,,
00000897,,"Céréales (30%) (farine de blé, farine d'avoine, farine de maïs, farine de riz), composé choc (20%) (sucre, graisse végétale hydrogénée, solides du lait, cacao en poudre, émulsifiants [lécithine de soja, E492, E476]), sucre, sirop de glucose, sirop inverti, extrait sec de glucose, protéine de blé, huile de tournesol, extrait de malt d'orge, mélasse, humectant (glycérol), sel, sucre caramélisé, lait écrémé en poudre, agent levant (bicarbonate de sodium), arôme naturel, émulsifiant (lécithine de soja) , colorants (paprika, curcuma), extrait de romarin.","en:gluten,en:soybeans",,"E322 - Lecithins,E322i - Lecithin,E392 - Extracts of rosemary,E422 - Glycerol,E476 - Polyglycerol polyricinoleate,E492 - Sorbitan tristearate,E500 - Sodium carbonates,E500ii - Sodium hydrogen carbonate"
00000934,Magnesium,Magnesiumoxid,,,
00000953,Herbalife,"Proteína isolada de soia, frutose, fibra de aveia,inule e doreto de potássio, triglicerídeos de cadeia média, caseinato de calc, rn de leite, mix de vitaminas e minerais (maltodextrina, ortofosfato fémica ia de sódio, sulfato de zinco, niacinamida, vitamina A, gluconato de cobe De e ácido fólico), fosfato de cálcio dibásico, óxido de magnésio, estabiliane espessantes goma xantana, carragena e pectina, antiumectante dichi de de soja, corante natural vermelho de beterraba, aromatizante e eduilcorae anganes, vitamina B6 jodeto de notássio, vitamina B12, GLUITE CONTEM DERIVADOS DE AVEIA, LEITE, PEIXE* E SOJA. Proveniente da gelatina de peixe utilizada para proteção da Vitamina A. CONTEM Formulação exclusiva da: HERBALIFE INTERNATIONAL OF AMERICA, INC. Los Angeles, CA 90080-021 SA Para: HERBALIFE INTERNATIONAL DO BRASIL LTDA., Rua Marina Ciufuli Zanfelice, 371-Lapa-CEP 06us CNP): 61.297.78410003-18. Indústria Brasileira. CNP): 00.292.858/0001-77. TRATIVAValidade e Lote: vide impressão Produto isento da obrigatoriedade de reqistro 7de 06 de Agst-t MAGEM","en:fish,en:milk,en:soybeans",,
00000959,Walnut halves & pieces,contains walnut; produced on equipment that also handles almonds and cashews.,,,
00000971,Bio Chia Samen,Chia Samen,,,
00000973,Manuka Raw Manuka Honey,Raw Manuka Honey,,,
00000987,,"Kashi sept grains entiers et mélange de sésame (entier: blé rouge dur, riz brun, orge, triticale, avoine, seigle, sarrasin, graines de sésame), flocons de soja, sirop de riz brun, sirop de canne séché, fibre de racine de chicorée, avoine à grains entiers, huile de canola pressée, miel, sel, cannelle, mélange concentré de tocophérols (vitamine E) pour la fraîcheur.","en:gluten,en:soybeans",,E307 - Alpha-tocopherol
00000994,freeze dried dragon fruit slices,Dragon Fruit (100%),,,
00000996,Alfajor Dulce de leche,"Dulce de leche, harina de trigo enriquecida según ley 25630 (harina de trigo, hierro, ácido fólico, tiamina, riboflavina, niacina),, azúcar, margarina vegetal, huevo, agua, jarabe de maíz de alta fructosa, aromatizante (vainillina)","en:eggs,en:gluten",,
0000100206960,,Coffee beans,,,
00001004,Concha,"Hartweizengrieß, Frischei (10 %) * &quot;Eler aus Bodenhaltung Kann Spuren von Soja enthalten. Oko DX Ungekocht Energie DURCHSCHNITTLICHE MAHRWERTE pro 100g Fett",,,
0000100810429,Eirn original curry Sauce,"Wheat Flour Sugar Vegetable Fat D Curry Powder (12.3%) (Coriander, Turmeric, Cumin, Ginger, Cassia, Fenugreek, Chilli, Clove, Salt, Mustard Flour, Black Pepper, Garlic Powder, Fennel) Vegetable (Tomato) Salt Flavourings (contains Celery) Glucose Syrup Flavour Enhancers (Monosodium Glutamate, Sodium 5'-Ribonucleotides) Citric Acid Milk Proteins Soya Flour Alleray Advice",,,E621 - Monosodium glutamate
0000101266509,Familjepack Schnitzel Frysta,"Water, breadcrumbs 24.5% (wheat flour, sugar, wheat protein, yeast, salt, vegetable oil (sunflower), spice extract (paprika, turmeric)), soy protein 14%, vegetable oil (rapeseed, sunflower), wheat flour, corn starch, vinegar, stabilizers (methylcellulose, guar gum), citrus fiber, natural flavors, salt, onion powder, garlic powder, acidity regulator (potassium hydroxide), sugar.",,,"E412 - Guar gum,E461 - Methyl cellulose,E525 - Potassium hydroxide"
00001013,Smak Rundstykke Grov 100g,"Hvetemel, sammalt hvete (13,8%),  surdeig (hvetemel, vann, durumhvete, surdeigskultur), solsikkefrø, vann, olivenolje, maltekstrakt (bygg),  sesamfrø, hvetekli (3,7%), hvetegluten, linfrø, salt, gjær, stabilisator (E 412),  dekstrose (bygg), naturlig aroma, emulgator (E 472e), glukosesirup (hvete, mais), melkeprotein, farge (E 160a), melbehandlingsmiddel (E 300), enzymer.",,,"E160a - Carotene,E300 - Ascorbic acid,E412 - Guar gum,E472e - Mono- and diacetyltartaric acid esters of mono- and diglycerides of fatty acids"
0000101403163,Potato,Potato,,,
0000101403165,Onion,Onion,,,
0000101403175,Bhendi,Bhendi,,,
0000101403177,Bitter Gourd,Bitter Gourd,,,
0000101403187,Ginger,Ginger,,,
0000101403193,Bottle Gourd,Bottle Gourd,,,
0000101481695,Spinach,Spinach,,,
0000101481697,Coriander,Coriander,,,
0000101481703,Cucumber,Cucumber,,,
0000101481707,Green Peas,Green Peas,,,
0000101481721,Mint leaves,Mint leaves,,,
0000101481723,Radish,Radish,,,
0000101481737,Cluster Beans,Cluster Beans,,,
0000101481741,Sapota,Sapota,,,
0000101481757,Broad Beans (Avare Chikadi),Broad Beans,,,
0000101646267,Carrot,Carrot,,,
00001017,,"Hvetemel, vann, salt, rapsolje, sukker, gjær, hvetegluten, dekstrose, vegetabilsk emulgator (E 472e, E 471, E 322 solsikkelecitin), melbehandlingsmiddel (E 300).",,,"E300 - Ascorbic acid,E322 - Lecithins,E471 - Mono- and diglycerides of fatty acids,E472e - Mono- and diacetyltartaric acid esters of mono- and diglycerides of fatty acids"
00001019,,Birke NO.1 QUALITÄT SEIT 187 BO BANI NUDE,,,
0000101903605,Le Petit Bridé,"Viande de porc 151g pour 100g, sel, sucres (LACTOSE, dextrose), alcools, épices, ail, ferments, conservateur salpêtre cubique. Boyau naturel de porc traces possibles de fruits à coques 30% de gras comparé à la valeur de référence Ciqual 2016",,,
00001021,,"Hvetemel, vaniljekrem 13% (vann, sukker, modifisert stivelse, mysepulver, melkeprotein, kokosfett, fortykningmiddel (E401), aroma, farge (E160a)), vann, sukker, revet kokos 4%, rapsolje, hvetegluten, kardemomme, salt, gjær, emulgator (E472e, E471, E475, E322 solsikkelecithin), melbehandlingsmiddel (E 300), dekstrose, aroma.",,,"E160a - Carotene,E300 - Ascorbic acid,E322 - Lecithins,E401 - Sodium alginate,E471 - Mono- and diglycerides of fatty acids,E472e - Mono- and diacetyltartaric acid esters of mono- and diglycerides of fatty acids,E475 - Polyglycerol esters of fatty acids"
0000102102024,kiotis,aqua (water) ammonium lauryl sulfate glucoside parfum (fragrance) cocamidopropyl betaine sodium benzoate sodium chloride citric acid cocamide mipa salicyuc acid limonene ● e 200 ml o · ● ● . 79004 75008 paris france - made in france www.kiotis.com kiotis paris-12/14 rond-point des champs-élysées,,,E200 - Sorbic acid
0000102239128,Lemon,Lemon,,,
00001024,Coop Fine Frokostbrød 90g,"Hvetemel, vann, rapsolje, salt, sukker, gjær, hvetegluten, vegetabilsk emulgator (E 472e, E 471, E 322 solsikkelecithin),  melbehandlingsmiddel (E 300),  dekstrose. Dekor: Valmuefrø",,,"E300 - Ascorbic acid,E322 - Lecithins,E471 - Mono- and diglycerides of fatty acids,E472e - Mono- and diacetyltartaric acid esters of mono- and diglycerides of fatty acids"
00001026,,"Hvetemel, vann, kanelfyll (sukker, vann, vegetabilsk fett (raps, fullherdet kokos, fullherdet raps), modifisert hvetestivelse (E 1414), kanel, glukosesirup, hvetemel, maismel, emulgator (E 471), salt, konserveringsmiddel (E 202), stabilisator (E 415), aroma), sukker, rapsolje, gjær, salt, hvetegluten, vegetabilsk emulgator (E 472e), melbehandlingsmiddel (E 300), dekstrose.",,,"E1414 - Acetylated distarch phosphate,E202 - Potassium sorbate,E300 - Ascorbic acid,E415 - Xanthan gum,E471 - Mono- and diglycerides of fatty acids,E472e - Mono- and diacetyltartaric acid esters of mono- and diglycerides of fatty acids"
0000103010104,Vita-antioxydant,"bwe ro/o ouumy et wh Supplement Facts Serving Size: 2 Tablets Servings Per Container: 56 Amount Per Serving Vitamin A (as 25% (516 mcg) % DV Amount Per Serving %DV 40 mg 1804 ug RAE 200 % | Mixed Tocopherols (D-gamma, D-delta, D-beta Tocopherol) InCelligence TM Complex Retinyl Acetate and 75% (2700 mcg) as Beta Carotene, Mixed Carotenoids) Vitamin C (as Poly C® blend: Potassium, 200 mg Calcium, Magnesium, and Zinc Ascorbates) Vitamin D3 (as Cholecalciferol) 50 mg 36 mg 222% Alpha Lipoic Acid Meriva Bioavailable Curcumin Complex (Curcuma longa L., root)* 25 ug 125% Vitamin E (as d-alpha-Tocopheryl Succinate)67 mg 447% Vitamin K (as K1 [Phytonadione] 240 ug, 270 ug 225% Extract 35 mg (Camellia sinensis hunt, leaves) Quercetin Dihydrate Rutin Hesperidin (Citrus spp. L., fruit) Resveratrol Olivol® (Olive Fruit Extract, Olea europaea L., fruit)** 30 mg 20 mg 20 mg 20 mg 15 mg 64 mg 6 mg and K2 [MK-7 Menaquinone] 30 ug) Thiamine (Vitamin B1) Riboflavin (Vitamin B2) Niacin (as Niacin and Niacinamide) Vitamin B6 (as Pyridoxine HCL) Folate (as 300 ug Folic Acid) Vitamin B12 (as Cyanocobalamin) 15 mg 1250% 15 mg 1154% 20 mg NE 125% 16 mg 941% 500 ug DFE 125% 100 ug 4167% | Inositol 150 ug 500% | Coenzyme Q10 Biotin Pantothenic Acid (as D-Calcium Pantothenate) 45 mg 900% 300 ug 500 ug Lutein (Tagetes erecta L., flower) Choline (as Choline Bitartrate) 51 mg 9% Lycopene t Daily Value (DV) not established Ouer oredients: Microcrystalline Cellulose, Modified Starch, Vegetable Fatty Acid, Croscarmallose Sodium ioodd Organic Maltodetrin, Vanilla Extract Organic Sunflower Lecithin. Organic Palm Clein oreame",,,"E14XX - Modified Starch,E161b - Lutein,E460 - Cellulose,E460i - Microcrystalline cellulose"
0000103121201,,"Acai Berry Extract (Euterpe oleracea), Gelatin, L theanine (from green tea (Camellia sinensis),Rice Bran, Moringa Leaf Extract (Moringa oleifera), Barberry Root Extract (Berberis vulgaris), Green Coffee Bean Extract (Coffea arabica), Baobab Fruit Extract (Adansonia digitata), African Mango Seed Powder (irvingia gabonensis), Mangosteen Fruit Extract (Garcinia mangostana L), Goji Berry Extract (Lycium barbarum L), Buckthorn Berry Juice Powder (Hippophae rhamnoides), Hawthorn Berry Powder (Crataegus laevigata), Chamomile Flower Extract (Matricaria recutita)",,,E428 - Gelatine
0000103224110,Riovida Burst,"Apple juice (Malus domestica (Borkh.) Borkh.), grape juice (Vitis vinifera L.), blueberry juice (Vaccinium myrtillus L.), açaí (Euterpe oleracea C. Martius), pomegranate juice (Punica granatum L.), emulsifier (vegetable glycerin), elderberry juice (Sambucus nigra L.), 4Life Tri-Factor Formula (made from bovine colostrum (milk) and egg yolk), gelling agent (xanthan gum, guar gum), berry cream flavor, vitamin C, and emulsifier (monoglycerides).",en:milk,,"E412 - Guar gum,E415 - Xanthan gum,E422 - Glycerol"
0000103227240,Tostadas,"Harina de Maíz ,Aceite Vegetal Comestible y Sal de mar",,,
0000103227563,,"103 22 7 563* 020321EU Servings per Container: 60 Porciones por Caja: 60 Isomaltulose/Isomaltulosa Taurine/Taurina L-Glutamine/L-Glutamina Green Tea/Té verde Caffeine/Cafeína L-Arginine/L-Arginina Yerba Mate/Hierba Maté Caffeine/Cafeína Guarana/Guaraná Caffeine/Cafeína Colostrum/Calostro Egg Yolk/Yema de huevo Per Serving (2,5 g)/ Por Porción (2,5 g) 660 mg 250 mg *RI: Reference Intakes **VRN: Valores de Referencia de Nutrientes 250 mg 150 mg 15 mg 100 mg 75 mg 22,5 mg 30 mg 15 mg 17,5 mg 7,5 mg % RI* % VRN**",,,
0000103227577,PRO-TF Chocolate,"Whey protein (milk, soy), maltodextrin, egg white protein, cocoa powder, natural chocolate flavor, medium chain triglycerides, 4Life Tri-Factor Formula (made from colostrum (milk) and egg yolk), sodium chloride, thickeners (xanthan gum, sodium carboxymethylcellulose), and sweeteners (sucralose, acesulfame K).","en:eggs,en:milk,en:soybeans",,"E415 - Xanthan gum,E466 - Sodium carboxy methyl cellulose,E950 - Acesulfame k,E955 - Sucralose"
0000103529964,impact protein whey,"whey protein concentrate (milk) (96%) (contains emulsifiers (soya lecithin, sunflower lecithin)), fat reduced cocoa powder, flavouring, sweetener (sucralose). allergen information: for allergens, see ingredients in bold. important information: store in a cool, dry place away from direct sunlight. this product is intended to be used alongside a varied and balanced diet and a healthy lifestyle. suitable for vegetarians. *naturally occurring bcaas fr: concentré de protéines de lactoserum en poudre prête à l'emploi. saveur chocolat onctueux. contient de l'edulcorant. conseils d'utilisation: mélanger 30g (environ 1 cuillère) de poudre à 250ml d'eau ou de lait et consommer 30 minutes avant et/ou après un entrainement. la poudre se tasse avec le temps. il est conseillé de la peser pour obtenir une dose précise. portion: 30g, portions par contenant: 33. valeurs nutritionnelles: pour 100g (par portion de 30g), valeur énergétique 1590kj/",en:milk,,"E322 - Lecithins,E322i - Lecithin,E955 - Sucralose"
00001041,Alga Spirulina,Alga spirulina biologica in polvere,,,
00001042,คุกกี้สเปลท์เนยสดผสมข้าวกล้องงอก,แป้งสเปลท์ออร์แกนิค ข้าวกล้องงอก เนยสด ไข่ไก่ ไอซ่ง ผงฟู กลิ่นวานิลลา,,,
00001045,BIO GOLD-LEINSAMEN Geschrotet,"Hvetemel, vann, surdeig 20 % av bokhvete og hvete, solsikkefrø, havsalt, sesamfrø, rug, valmuefrø, gjær, maltmel av bygg, hvetegluten, durumhvetemel, guarkkjernemel.",,,
0000104647847,golden barrel butter flavored coconut oil,"refined coconut oil, artificial butter flavor, beta carotene color. sta",,,
0000105000011,Chamomile Herbal Tea,CHAMOMILE FLOWERS.,,,
0000105000042,"Lagg's, herbal tea, peppermint",Peppermint.,,,
0000105000059,Linden Flowers Tea,LINDEN FLOWERS.,,,
0000105000073,"Herbal Tea, Hibiscus",Hibiscus flowers.,,,
0000105000196,Apple & Cinnamon Tea,"TEA, CINNAMON & NATURAL APPLE FLAVOR.",,,
0000105000219,Green Tea,GREEN TEA.,,,
0000105000318,Shave Grass Herbal Tea,SHAVE GRASS.,,,
0000105000356,"Lagg's, herbal tea, chamomile * mint",Chamomile spearmint.,,,
0000105000363,Artichoke Herbal Tea,ARTICHOKE MALVA SENNA LEAF HIBISCUS CHAMOMILE NATURAL APPLE FLAVOR.,,,
0000105000417,"Lagg's, dieter's herbal tea","Andropogon citratus, uva ursi, hibiscus flowers, cinnamon, equisetum arvense, flourensia cernua.",,,
0000105200923,"Lagg's, kidneytea, herbal tea","Shave grass, corn silk, uva ursi, juliana adstringen, boldo, hibiscus flowers, orange blossom.",,,
0000105200961,Bronchtea,EUCALYPTUS LICORICE GINGER ELDER MULLEIN CINNAMON ORANGE BLOSSOM.,,,
00001057,Coop Wienerpecan 95g,"Hvetemel, vegetabilsk fett og olje (raps, kokos, fullherdet raps), vann, sukker, brunt sukker, pekannøtter 3 %, modifisert stivelse (potet), gjær, vegetabilsk emulgator (E 322 av raps, E 471, E 472e), salt, mysepulver (melk), aroma, stabilisator (E 440, E 401, E 412, E 450, E 516), melkeprotein, hvetegluten, glukosesirup, sirup (glukosesirup (inneholder E 220 svoveldioksid), sukker, vann, lønnesirup, melasse, aroma, surhetsregulerende middel (E 500, E 507)), fargestoff (E 170, E 160a), melbehandlingsmiddel (E 300, enzymer), melkepulver, surhetsregulerende middel (E 330), geleringsmiddel (E 406), vitamin A.",,,"E160a - Carotene,E170 - Calcium carbonates,E220 - Sulphur dioxide,E300 - Ascorbic acid,E330 - Citric acid,E401 - Sodium alginate,E406 - Agar,E412 - Guar gum,E440 - Pectins,E450 - Diphosphates,E471 - Mono- and diglycerides of fatty acids,E472e - Mono- and diacetyltartaric acid esters of mono- and diglycerides of fatty acids,E500 - Sodium carbonates,E507 - Hydrochloric acid,E516 - Calcium sulphate"
0000105748562,,"Tomatoes (46%), Pasta Shapes (45%, Water, Durum Wheat Semolina), Water, Sugar, Modified Cornflour, Salt, Acid-Citric Acid, Spice, Garlic Salt, Onion Extract, Spice Extract, Iron Sulphate, Vitamin D. May contain Egg.",,,E330 - Citric acid
0000105753078,Bread,"Water, white flour, honey, corn syrup, yeast, salt, cheddar, and garlic.",en:milk,,
00001058,"Enjoy Life Protein Bites, Soy free, Nut free, Gluten free, Dairy free, Non GMO, Vegan, Chocolate SunSeed Butter","Semisweet Chocolate Morsels (unsweetened chocolate, cane sugar, cocoa butter), Organic Invert Syrup (organic cane sugar, water). Rice Protein, Sunflower Seed Spread (roasted sunflower kernels, cane sugar, salt), Roasted and Salted Pumpkin Seeds (pumpkin seeds, safﬂower oil, salt), Natural Cocoa Powder. Chia, Palm Oil, Organic Cane Sugar (organic cane sugar, organic tapioca starch), Vanilla Extract.",,,
00001062,Blue Tea Chamomile Flower Herbal Tea,Chamomile Flowers,,,
00001063,Bromelain Intenso,"Bromelain, pflanzliche Kapselhülle: (Hydroxypropylmethylcellulose, Gellan Verzehrempfehlung: Nehmen Sie täglich 1 Kapsel zu einer Mahlzeit mit ausreichend Flüssigkeit ein. 120 Kapseln = e105g 41",,,E464 - Hydroxypropyl methyl cellulose
00001065,boisson à l'aloe vera,"NGREDIENTES: agua, ácido cítrico anhidro, sabor natural de mango, centrado de aloe filtrado de la penca entera [(Aloe barbadensis)(Aline fomi sorbato de potasio, benzoato de sodio, sucralosa en polvo (0,058 entacto de flor de manzanilla (Matricaria chamomilla).",it:Aloe,,"E211 - Sodium benzoate,E330 - Citric acid,E955 - Sucralose"
00001069,Coop Pizzatwist 130g,"Vann, hvetemel, smør, ost, salami (svinekjøtt,  svinefett, salt, konserveringsmiddel (E 250), krydder (hvitløk, pepper,  ingefær), dekstrose (mais, hvete), krydderekstrakt (pepper),  antioksidant (E 300, E 301), rosmarinekstrakt, røykaroma), skinke  (svinekjøtt, salt, konserveringsmiddel (E 250), glukosesirup (mais,  hvete), stabilisator (E 450), antioksidant (E 301), aroma), modifisert  stivelse (potet, mais), sukker, tomatpulver, salt, urter (basilikum,  timian, oregano, hvitløk), maisstivelse, glukosesirup (mais), krydder  (cayennepepper, hvitløk, paprika, oregano, pepper, karve, koriander,  timian, basilikum), solsikkeolje, surhetsregulerende middel (E 330),  farge (E 162), løk, naturlig aroma, melbehandlingsmiddel (E 300).",,,"E162 - Beetroot red,E250 - Sodium nitrite,E300 - Ascorbic acid,E301 - Sodium ascorbate,E330 - Citric acid,E450 - Diphosphates"
00001071,Thé Oolong Violette,"Hvetemel, vann, rapsolje, gjær, salt, malt av hvete og bygg, hvetegluten, hvetestivelse, sukker, salttopping (rismel, salt, vegetabilsk fett (palme, kokos) potetstivelse), surhetsregulerende middel (E 524).",,,E524 - Sodium hydroxide
0000107652270,mylicongas,"010765227 222592010 snoshop & nosnhor 2100hi9eov na do bw ob spontan simeticone ogni compressa contiene: simeticone (dimetilpolisilossano attivato) mg 40. eccipienti: saccarina, acido alginico, lattosio, sodio bicarbonato, povidone, calcio silicato idrato, magnesio stearato. forma farmaceutica e contenuto della confezione: 50 compresse masticabili indicazioni terapeutiche: mylicongas si usa nel trattamento sintomatico del meteo - rismo gastro-enterico e dell' aerofagia dell' adulto. come usare questo medicin adulti: 4 compresse al giorno (2 principale). le compresse devon uso orale. modo e via di somministrat leggere il foglio illustrativo prin tenere il medicinale fuor dalla portata dei bambin per riparare il prodotto dalla lu conservare il medicinale nella",,,E1201 - Polyvinylpyrrolidone
00001077,Coop Fine Store Horn 240g,"Hvetemel, vann, salt, rapsolje, gjær, vegetabilsk emulgator (E472e, E471, E322 solsikkelecithin), hvetegluten, dekstrose, melbehandlingsmiddel (E 300). Dekor: Valmuefrø",,,"E300 - Ascorbic acid,E322 - Lecithins,E471 - Mono- and diglycerides of fatty acids,E472e - Mono- and diacetyltartaric acid esters of mono- and diglycerides of fatty acids"
00001079,berryhill,berryhill hazelnut aod setead natural flavor with cacea & atim milk utz certiried net wt 13 0z 0 cocoa,,,
00001083,Coop Ostelandgang 120g,"Hvetemel, vann, gul ost (7,6%), salt, sukker, rapsolje, gjær, hvetegluten, dekstrose, vegetabilsk emulgator (E472e, E471, E322 solsikkelecithin), melbehandlingsmiddel (E 300).",,,"E300 - Ascorbic acid,E322 - Lecithins,E471 - Mono- and diglycerides of fatty acids,E472e - Mono- and diacetyltartaric acid esters of mono- and diglycerides of fatty acids"
00001084,Organic Cracked Corn,"D-Man Purativa D-Mannose/D-M Pulver /Powder Per wis die Hatur ose oudre Purativa Produkte werden unter strengen Qualitätskontrollen verarbeitet und schonend in Manufakturarbeit abgefüllt. So können wir die bestmögliche Qualität garantieren. Verzehrempfehlung: / Daily dose / Consigliato 7 Suggestion Nehmen Sie je nach Bedarf bis zu 2g - 6g (1 bis 3 Teelöffel) pro Tag zu sich. / Depending on your needs, consume up to 2g 6g (1 to 3 teaspoons) per day. / A seconda delle proprie esigenze, consumare fino a 2g 6g (da 1 a 3 cucchiaini da tè) al giorno. / Selon vos besoins, consommez jusqu'à 2 à 6 g (1 à 3 cuillères à thé) par jour. Inhalt: D-Mannose 99% Pulver/ D-Mannose 99% Powder/ D-Mannosio 99% Polvere/ Poudre D-Mannose 99% Kühl, trocken und lichtgeschützt lagern./Store in a cool, dark and dry place./Conservare fresco, asciutto e protetto dalla luce./ Conserver au s, au sec et à l'abri de la lumière. Hinweis: Von Kindern fernhalten. Nicht während der Schwangerschaft und Stillzeit einnehmen. / Keep away from children. Do not use during Pregnancy and loactation. / Tenere lontano dalla portata dei bambini. Non usare durante la gravidanza e l'allattamento. / Garder loin des enfants. Ne pas utiliser pendant la grossesse et l'allaitement. Hersteller: / Manufacturer! Fabbricante/ Fabricant Good Organics GmbH Mitterstraßweg 23 82064 Straßlach www.purativa.de Charge/Lot-Ho./numero di lotto /numéro de lot: siehe Aufdruck/ see print/vedi impronta/voir l'empreinte Windestens haltbar bis / Best before/meglio prima/mieux avant: siehe Aufdruck/see print/ vedi impronta/ voir l'empreinte e 160g",,,
0000108703174,ost,"quaker rolled oats (77%), skimmed milk powder, anticaking agent (calcium phosphate).",,,
0000108780106,Porridge To go,"focons davoine complete (36%, arine d avoine complete (14%) sirop de sucre (14%| oligoructose sucre brun cereales croustilantes (arine de riz. farine d'avoine suare, carbonate de calaum, extrait de mat d orge, hule de tournesoli emulsiiants (glycerol lecthine de soja, amidon moditfe, arine damande moulue, poudre de lait ecreme, antioxydant extrait de tocopherol, poudre a lever (bicarbonate de socium se, carbonate de calcum aome naturel Inormations alergeness Les aleroens sont earts en gras. Peut conteni des traces de noix, ble, sesame et de Cauetes",,,"E422 - Glycerol,E502 - Carbonates"
0000109092026,Purée de pommes de terre,"Patates, sel, sucre, lait",,,
00001092,Organic Chicken & Duck Feed - Layer Mash 18%,"Maltodextrin, Zucker, Süßmolkenpulver, Calciumcaseinat, Soja Kakaopulver stark entölt, Aroma, Tri-Kaliumcitrat, Verdickungsmittel (Guaremme Cabiumcarbonat, Magnesiumoxid, Eisenpyrophosphat, Zinkoxid, Selenhefe, Ascorb e Vitamin C), Niacinamide, DL-Alpha-Tocopheryl Acetat (Vitamin E), D-Calcium Pat (Pantothensäure), Riboflavin (Vitamin B2), Pyrodoxinhydrochlorid (Vitamin Thiaminehydrochlorid (Vitamin B1), Folsäure, Biotin, Methylcobalamin (Vitamin Mangansulfat, Kupferglukonat, Natriumjodit, Vitamin A (Retinylacetat), a Chiecalciferol). Verzehrempfehlung: 1 Portion mit Wasser (50 g) (2 gehäufte Messlöffel) enhält 195 kcal (823 Be Anrühren in 250 ml Milch statt mit Wasser erhöht sich der Brennwert Je nach Bedarf empfehlen wir über den Tag hinweg 2-5 Portionen. der Portion von 195 kcal um 159 kcal je Portion auf insgesamt 354 kcal. Lagerung: Trocken War vor W Lai einer Tempera",,,
00001098,Goman Kanelbolle med Smør 85g,"Hvetemel, melk, perlesukker, sukker, smør 7 %, vann, brunt sukker, gjær, margarin (rapsolje, vann, emulgator (E 471, raps), salt, vitamin A, vitamin D), egg, tørket surdeig av hvete, semulegryn, malt av hvete, kanel 0,5 %, salt, modifisert maisstivelse, kardemomme, kasein (melk), stabilisator (E 450), aroma ( vanilin), fullherdet rapsolje, melbehandlingsmiddel (E 300).",,,"E300 - Ascorbic acid,E450 - Diphosphates,E471 - Mono- and diglycerides of fatty acids"
00001099,Goman Ciabatta 150g,"Hvetemel, vann, surdeig av hvete, havsalt, olivenolje, gjær, hvetegluten, durumhvetemel.",,,
00001100,Cigarettes Fourrées Chocolat Noisettes,"Fourrage chocolat noisette 55% (chocolat en poudre 44.5%* (sucre, cacao en poudre), graisses de coprah et de palmiste, sucre,_noisette_7,5%';, _lait_écrémé en poudre, émulsifiant : lécithines (_soja_), arôme), farine de blé, sucre, fructose,_lait_écrémé en poudre, graisse de coprah, colorant: caramel ordinaire, émulsifiant: lécithines (_soja_), sel.  *exprimés sur le fourrage équivalent respectivement à 24,4% et 4,1% sur l'ensemble du produit.","en:gluten,en:milk,en:nuts,en:soybeans",,"E150a - Plain caramel,E322 - Lecithins"
0000110000303,Good Chop Beef Ribeye Steak,beef ribeye steak,,,
0000110010369,Air freshener helicopter lemon,fitrah,,,
00001101,Organic Goat Feed - Mash,"Maida, sugar, edible veg fat, salt,milk solids, yeast, vanilla powder, improvers",,,
00001103,Organic Scratch + Corn,Zimt,,,
00001104,Coop Frøbaguette 135g,"Hvetemel, sur deig av hvete og rug, vann, frøblanding (solsikkefrø, sesamfrø, linfrø gule og brune, hirse), fullkornsmel av rug 3 %, havsalt, gjær, hvetegluten, durumhvetemel, guarkjernemel.",,,
0000111048403,100% Pure Canola Oil,100% canola oil no additives or preservatives,,,
0000111103201,Isalean,"Whey protein concentrate (milk), milk protein concentrate, isomaltooligosaccharides, skim milk powder, fructose, sunflower oil powder (milk), cocoa powder, olive oil powder, maltodextrin, flaxseed powder, thickener (xanthan gum), natural flavours, medium-chain triglyceride oil powder, calcium phosphate, magnesium oxide, sweetener (steviol glycosides), alfalfa juice concentrate, inulin, rice amino acid, emulsifier (soy lecithin), anti-caking agent (silicon dioxide), magnesium stearate, sea salt, lactase powder, invertase powder, lipase powder, psyllium seed powder, vitamin C (ascorbic acid), vitamin A (beta carotene), zinc oxide, vitamin E (d-alpha-tocopheryl acid succinate), nicotinamide, lactobacillus acidophilus, vitamin D3 (cholecalciferol), vitamin B6 (pyridoxine hydrochloride), vitamin B5 (calcium pantothenate), vitamin B2 (riboflavin), vitamin B1 (thiamin hydrochloride), folic acid, potassium iodide, sodium selenite, vitamin B7 (biotin), vitamin B12 (cyanocobalamin)",en:milk,,"Amino acids,E322 - Lecithins,E322i - Lecithin,E415 - Xanthan gum,E551 - Silicon dioxide,E572 - Magnesium stearate,E960 - Steviol glycosides,Potassium iodide"
0000111111111,newnew,"potatoes, vegetable o contains one or more of the following: corn, sunflower, or ca oil), sugar, dextrose, salt, spices, fructose, onion powder, torula yeast, tomato powder, extract of malted barley and corn, monosodium glutamate, maltodextrin, garlic powder, extractives of paprika (color), natural smoke flavor, caramel color, cirtic acid, mo lified com starch, natural flavors.",,,"E150c - Ammonia caramel,E621 - Monosodium glutamate"
0000111111231,More Fresh 100% whole wheat bread,"MRP: Rs.55.00 (Rs.0.13 Per g) (Incl. Of all taxes) NET WT: 400 g Whole Wheat Flour, Sugar, Yeast, lodised Salt, Refined Palmolein Oil, Soya Flour, Emulsifier(INS 476,471 481(1) Preservative (INS 282), Antioxidant (INS 300), Improver (INS 1100), Acidity Regulator (INS 260)","en:gluten,en:soybeans",,"E1100 - Alpha-Amylase,E260 - Acetic acid,E282 - Calcium propionate,E300 - Ascorbic acid,E471 - Mono- and diglycerides of fatty acids,E476 - Polyglycerol polyricinoleate"
00001112,"Enjoy Life Protein Bites, Soy free, Nut free, Gluten free, Dairy free, Non GMO, Vegan, Cranberry Orange","Chocolate (Cane Sugar, Unsweetened Chocolate, Cocoa Butter), Roasted and Salted Pumpkin Seeds (Pumpkin Seeds, Safflower Oil, Salt), Rice Protein, Organic Invert Syrup (Organic Cane Sugar, Water), Palm Shortening, Organic Cane Sugar, Chia Seeds, Cocoa Powder, Natural Flavors, Dried Cranberries (Cranberries, Sugar, Sunflower Oil), Candied Orange Peel (Orange Peel, Sugar, Safflower Oil, Ascorbic Acid, Citric Acid), Vanilla Extract.",,,E330 - Citric acid
0000111301201,Canola Harvest® Original Vegetable Oil Spread Tub,"CANOLA OIL, WATER, PALM OIL, PALM KERNEL OIL, SALT, WHEY POWDER (MILK), VEGETABLE MONO AND DIGLYCERIDES, SOYBEAN LECITHIN, POTASSIUM SORBATE (PRESERVATIVE), CITRIC ACID, ARTIFICIAL FLAVOR, VITAMIN E (DL-ALPHA-TOCOPHEROL ACETATE), VITAMIN A PALMITATE, BETA CAROTENE & VITAMIN D3.","en:milk,en:soybeans",,"E202 - Potassium sorbate,E322 - Lecithins,E322i - Lecithin,E330 - Citric acid,E471 - Mono- and diglycerides of fatty acids"
0000111301263,"Canola harvest, buttery spread, with flaxseed oil","Canola oil, water, palm oil, flax oil, palm kernel oil, whey powder (milk), salt, vegetable mono and diglycerides, soybean lecithin, potassium sorbate (preservative), citric acid, artificial flavor, vitamin e (dl-alpha-tocopherol acetate), calcium disodium edta (to preserve freshness), vitamin a palmitate, beta-carotene, vitamin d3.",en:milk,,"E202 - Potassium sorbate,E322 - Lecithins,E322i - Lecithin,E330 - Citric acid,E385 - Calcium disodium ethylenediaminetetraacetate,E471 - Mono- and diglycerides of fatty acids"
00001114,,01.04.2022 19:19 ycneire kynTb %40%,,,
0000111474123,nutricia,"vanillesmaak/vanillesmag s příchutí vanilkovou/vanilia nl voeding voor medisch gebruik. eiwitrijk, energiernik alergen melk, soja. niet bestemd voor losse verkoop, zie omdoos voor me informatie. dk fødevare til særlige medicinske formål. proteinig energi allergener: indeholder mælk og soja. må ikke sages for yderligere information, se ydre emballage potravina pro zvláštní lékařské účely. visolo obsahem bilkovin. alergeny: obsahuje mleko, so neprodejné. vice informací o přípravku viz vnější udal hu speciális gyógyászati célra szánt élelmiszer. magas energia tartalmú. allergén információ: tejet, sadja nem megbontható, darabonként nem eladható. további informác csomagoláson található. galaxy s21 ultra 5g",,,
0000112301878,pot au feu de légumes aux aromates,"es laisirs % des R.&quot; par NGREDIENTS eau, légumes 27 % (carotte, navet, poireau, pomme de terre, chou vert, céleri, oignon), viande de boeuf cuite 2,2 %, amidon transformé de pomme de terre, sel, arômes (contient : lait, céleri, huile de colza, girofle en poudre, exhausteur de goût: glutamate de sodium, extraits naturels de thym, de laurier et de poivre. Peut contenir des traces de blé et oeuf 3% 3% 1% 3% 3% | | 7% 31% dulte",,,"E14XX - Modified Starch,E621 - Monosodium glutamate"
0000112302546,velouté de 10 légumes,"eau, légumes 42% ( jus de tomates à base de concentré*, pomme de terre* carotte*, oignon*, poireau*, céleri-rave*,Courgette*, chou-fleur*, panais*, cresson), crème*, amidon* Sucre de canne*, sel de mer, extrait de levure. * issus de L'agriculture biologique sans colorant - sans conservateur.","en:celery,en:milk",,
0000112302557,Velouté de légumes façon poêlée,"légumes 63% (pomme de terre, carotte, oignon, chou-fleur, poireau, céleri-rave), eau, huile de colza, beurre de cuisine, sel, arômes (contient : céleri, blé), sucre, ail",,,
0000112302581,Délice de 10 Légumes,"Eau, légumes 39 % (carotte, pomme de terre, purée de tomates reconstituée, oignon, poireau, potiron, céleri, petit pois, navet, chou-fleur), lait écrémé reconstitué, amidon modifié, huile de colza, sucre, beurre de Cuisine, sel, arôme. Peut contenir des traces de blé et œuf.",,,E14XX - Modified Starch
0000112302619,soupe à la chinoise  légumes et vermicelles,"eau, légumes 15 % (oignon, carotte, pousses de bambou, céleri, poivron, poireau), vermicelles cuits 5 % (semoule de blé, blanc d'oeufi, champignons noirs 2,4 %, amidon transformé de pomme de terre, arômes (contient céleri), sel, graisse de poule antioxydant: extrait de romarinl, piment de Cayenne, ait écrémé en poudre","en:celery,en:gluten",,E14XX - Modified Starch
0000112302621,Potiron et vermicelles,"eau, légumes 30% (potiron 17%, carotte, jus de tomates à base de concentré, pomme de terre, oignon), _vermicelles_ cuits 8% (semoule de _blé_, _blanc d'œuf_, amidon transformé de maïs, _crème fraîche_, sel, sucre, arômes (contient du _lait_)","en:eggs,en:gluten,en:milk",,E14XX - Modified Starch
0000112302636,petit pois carottes et Kiri,"eau, légumes 33 % (oignon, petits pois 9,9 %, carottes 8,6 %, panais), fromage blanc fondu Kiri® 3,1% (fromage blanc, crème, protéines de lait, sels de fonte : polyphosphates, phosphates et citrates de sodium, acide citrique, sel), amidon transformé de mais, crème fraiche, sel, arômes. Peut contenir des traces de céleri, ble et oeuf.",,,"E14XX - Modified Starch,E330 - Citric acid,E452 - Polyphosphates"
0000112302639,Mouliné de Légumes Bio,"légumes 50% (carotte pomme de terre oignon* céleri-rave chou-fleur poireau, courgette*), eau, crème, sel de mer, amidon de mais arôme naturel. issus de l'agriculture biologique.",,,
0000112302644,"PurSoup' Mouliné de Carottes, Poireaux, Pommes de Terre","eau, légumes 40 % (carotte 16 %, poireau 12 %, oignon, oomme de terre 3,6 %), crème fraîche 2,5%, amidon transformé de mais, sel, beurre de cuisine, arômes SUCre, extraits naturels de poivre et de laurier.",,,E14XX - Modified Starch
0000112302646,soupe à la paysanne,"eau,légumes 41% (oignon,carotte 7,2%, chou vert 7%, petit pois, navet, pomme de terre,  poireau, haricots blancs), lardons fumés 2% (porc, eau, sel), crème fraîche,  amidon transformé, sel, arôme, (dont arôme de fumée).",,,E14XX - Modified Starch
0000112302650,Délice de potiron châtaigne,"eau, légumes 43 % (potiron 26%, pomme de terre, carotte, jus de tomates à base de concentré), châtaignes 2,8%, crème, amidon transformé de maïs, sel, sucre, arômes (contient: lait) Peut contenir des traces de céleri, blé et oeuf.",,,E14XX - Modified Starch
0000112302656,Lié big purSoup mouliné de 10 Légumes,"légumes 55 % (pomme de terre, carotte, oignon, céleri-rave, chou-fleur, poireau, jus de tomates à base de concentré, panais, courgette, cerfeuil), eau, sel, huile de colza, beurre de cuisine, arômes. Peut contenir des traces de blé et oeuf.",,,
0000112302660,Soupe potiron et kiri,"eau, légumes 36 % (potiron 18 %, carotte, oignon, pomme de terre, purée de tomates à base de concentré), fromage blanc fondu Kiri® 3,1 % (fromage blanc, crème, protéines de lait, sels de fonte : polyphosphates, phosphates et citrates de sodium, acide citrique, sel, amidon transformé de maïs, crème, sel, sucre, arômes, exhausteur de goût: glutamate de sodium, lait écrémé. Peut contenir des traces de céleri, blé et oeuf.",,,"E14XX - Modified Starch,E330 - Citric acid,E452 - Polyphosphates,E621 - Monosodium glutamate"
0000112302669,Gaspacho à l'andalouse,"jus de tomates à base de concentré 33 %, eau, concombre 15 %, poivron rouge 14 %, oignon 5 %, huile d'olive vierge extra 1,2%, vinaigre de vin, sel, ail, sucre, jus concentré de citron, arôme, piment de Cayenne, lait écrémé en poudre.  Peut contenir des traces de 28% céleri, blé (gluten) et oeuf.",en:gluten,,
0000112302676,Velouté de légumes du soleil,"Légumes*76% (jusdetomates* àbasede concentre53%,carotte "",courgette"" 5,9%, oignon',pommedeterre,poivronrouge 2,1%,haricot vert* ),eau, huiled'olive viergeextra 1,5%,amidon de mais"" ,sel de mer,extrait de levure, ail"",arômesnaturels depoivre, thym,laurier etautres aromes naturels,crème enpoudre. issusdel'agriculture biologique. Peut contenir des traces de céleri, blé(gluten) et oeuf. 1 Le","en:eggs,en:gluten",,
0000112302683,,"eau, potiron 21%, pomme de terre, oignon, jus de tomates à base de concentré, crème, champignons de Paris, amidon transformé de maïs beurre de cuisine, girolles 1,1%, sel, sucre, arômes (contient lait), persil; ail. Peut contenir des traces de céleri, blé (gluten) et oeuf.",en:gluten,,E14XX - Modified Starch
0000112302688,,"eau, pomme de terre 15%, oignon 6,6%, lait écrémé reconstitué, amidon transformé de mais, poudre de fromage 1,5%, lardons fumés 1,2% (porc, eau, sel), huile de colza, sel, arômes (contient lait), extraits naturels d'épices. Peut contenir des traces de céleri, de blé (gluten) et d'oeuf.",en:gluten,,E14XX - Modified Starch
0000112302689,Potiron et j’irai,"4% eau, potiron 19%, carotte, oignon, fromage blanc fondu Kiri 3,1% (fromage blanc, crème, protéines de lait, sels de fonte: polyphosphates phosphates et citrates de sodium, acide citrique, sel, pomme de terre, jus de tomates à base de concentré, amidon transformé de maïs, crème, sel, arômes (contient : lait), lait écrémé en poudre. Peut contenir des traces de céleri, blé et oeuf.",,,"E14XX - Modified Starch,E330 - Citric acid,E331 - Sodium citrates,E452 - Polyphosphates"
0000112302694,velouté de potiron et graines de courge bio,"eau potiron 27%, carotte, pomme de terre, jus de tomate à base de concentré, amidon de maïs, crème en poudre, sel de mer, graines de courge 0,5%, arôme naturel",en:milk,,
0000112302705,velouté de tomates et pointe d'origan,"jus de tomates à base de concentré 54%, eau, carottes, oignon, céleri raves, amidons de maïs, crème en poudre, sel de mer, poireau, Sucre de canne, origan 0,04%, arôme naturel de poivre, arôme naturel de thym, arôme naturel de basilic",en:celery,,
0000112302708,Velouté de 10 Légumes,"Eau, jus de tomate à base de concentré, pomme de terre, carotte, oignon, poireau, potiron, amidon de mais, céleri, huile de colza, beurre de cuisine, sel, petit pois, chou-fleur, navet, lait écrémé en poudre, arômes naturels (contient lait).","en:celery,en:milk",,
0000112302711,Velouté de tomates,"Jus de tomate à base de concentré 65%, eau, amidon de mais, sucre, lait écrémé en poudre, sel, beurre de cuisine, huile de colza, arômes naturels (contient lait), jus de citron concentré. Peut contenir des traces de céleri, blé (gluten)et œuf. 1Le AN NOINN *Conformément à",en:gluten,,
0000112302735,,"Eau, potiron* 27%, carotte“, pomme de terre“, jus de tomates* à base de concentré, amidon de maïs&quot;, crème en poudre, sel de mer, graines de courge 0,4%, arômes naturels.",,,
0000112302754,pur soup' mouliné de 5 légumes verts,"Eau, pomme de terre, courgette, poireau, brocoli, haricot vert, oignon, céleri-rave, épinard, carotte, crème fraiche, amidon de maïs, sel. Contient 29% de légumes verts. Peut contenir des traces de blé (gluten) et oeuf.","en:celery,en:gluten,en:milk,en:none",,
0000112302755,velouté de tomates,"Jus de tomate à basede concentré 65% cau, amidon de mais, sucre, lait écréme en poudre, sel, beurre de cuisine, huile de colza, arómes naturels (contient lait), jus de citron concentré. Peut contenir des traces de celeri, ble (gluten) et aruf. 1Le Conformem",en:gluten,,
0000112302757,Velouté de 12 légumes,"Eau, jus de tomate à base de concentré, pomme de terre , carotte, oignon, poireau, potiron, amidon de maïs, céleri, huile de colza, lait écrémé, beurre de cuisine, petit pois, chou fleur, navet, sel, chou rave, panais, arômes naturels (contient lait)",,,
